0
1
2
3
4
5
6
7
8
9
10
11
12
13
14
15
16
17
18
19
20
21
22
23
24
25
26
27
28
29
30
31
32
33
34
35
36
37
38
39
40
41
42
43
44
45
46
47
48
49
50
51
52
53
54
55
56
57
58
59
60
61
62
63
64
65
66
67
68
69
70
71
72
73
74
75
76
77
78
79
80
81
82
83
84
85
86
87
88
89
90
91
92
93
94
95
96
97
98
99
100
101
102
103
104
105
106
107
108
109
110
111
112
113
114
115
116
117
118
119
120
121
122
123
124
125
126
127
128
129
130
131
132
133
134
135
136
137
138
139
140
141
142
143
144
145
146
147
148
149
150
151
152
153
154
155
156
157
158
159
160
161
162
163
164
165
166
167
168
169
170
171
172
173
174
175
176
177
178
179
180
181
182
183
184
185
186
187
188
189
190
191
192
193
194
195
196
197
198
199
200
201
202
203
204
205
206
207
208
209
210
211
212
213
214
215
216
217
218
219
220
221
222
223
224
225
226
227
228
229
230
231
232
233
234
235
236
237
238
239
240
241
242
243
244
245
246
247
248
249
250
251
252
253
254
255
256
257
258
259
260
261
262
263
264
265
266
267
268
269
270
271
272
273
274
275
276
277
278
279
280
281
282
283
284
285
286
287
288
289
290
291
292
293
294
295
296
297
298
299
300
301
302
303
304
305
306
307
308
309
310
311
312
313
314
315
316
317
318
319
320
321
322
323
324
325
326
327
328
329
330
331
332
333
334
335
336
337
338
339
340
341
342
343
344
345
346
347
348
349
350
351
352
353
354
355
356
357
358
359
360
361
362
363
364
365
366
367
368
369
370
371
372
374
375
376
377
378
379
380
381
382
383
384
385
386
387
388
389
390
391
392
393
394
395
396
397
398
399
400
401
402
403
404
405
406
407
408
409
410
411
412
413
414
415
416
417
418
419
420
421
423
424
425
426
427
428
429
430
431
432
433
434
435
436
437
438
439
440
441
442
443
444
445
446
447
448
449
450
451
452
453
454
455
456
457
458
459
460
461
462
463
464
465
466
467
468
469
470
471
472
473
474
475
476
477
478
479
480
481
482
483
484
485
486
487
488
489
490
491
492
493
494
495
496
497
498
499
500
501
502
503
504
505
506
507
508
509
510
511
512
513
514
516
517
518
519
520
521
522
523
524
525
526
527
528
529
530
531
532
533
534
535
536
537
538
539
540
541
542
543
544
545
547
548
549
550
551
552
553
554
555
556
557
558
559
560
561
562
563
564
565
566
567
568
569
570
571
572
573
574
575
576
577
578
579
580
581
582
584
585
586
587
588
589
590
591
592
593
594
595
596
597
598
599
600
601
602
603
604
605
606
607
608
609
610
611
612
613
614
615
616
617
618
619
620
621
622
623
624
625
626
627
628
629
630
631
632
633
634
635
636
637
638
639
640
641
642
643
644
645
646
647
648
649
650
651
652
653
654
655
656
657
658
659
660
661
662
663
664
665
666
667
668
669
670
671
672
673
674
675
676
677
678
679
680
681
682
683
684
685
686
687
688
689
690
691
692
693
694
695
696
697
698
699
700
701
702
703
704
706
707
708
709
710
711
712
713
714
715
716
717
718
719
720
721
722
723
724
726
727
728
729
730
731
732
733
734
735
736
737
738
739
740
741
742
743
744
745
746
747
748
749
750
751
752
753
754
755
756
757
758
759
760
761
762
763
764
765
766
767
768
769
770
771
772
773
776
777
778
779
780
781
782
783
784
785
786
787
788
789
790
791
792
793
794
795
796
797
798
799
800
801
802
803
804
805
806
807
808
809
810
811
812
813
814
815
816
817
818
819
821
822
823
824
825
826
827
829
830
831
832
833
834
835
836
837
839
840
841
842
843
846
847
848
849
850
851
852
853
854
855
856
857
858
859
860
861
862
863
864
866
867
868
869
870
871
872
873
874
875
876
877
878
879
880
881
882
883
884
885
886
887
888
889
890
891
892
893
894
895
896
897
898
899
900
901
902
903
904
905
906
907
908
909
910
911
912
913
914
915
916
917
918
919
920
921
922
923
924
925
926
927
928
929
930
931
932
933
935
936
937
938
939
940
941
942
943
944
945
946
947
948
949
950
951
952
954
955
956
957
958
959
960
961
962
963
964
965
966
967
968
969
970
971
972
973
974
975
976
977
978
979
980
981
982
984
985
986
987
988
989
991
992
993
994
995
996
997
998
999
1000
1001
1002
1003
1004
1005
1006
1007
1008
1009
1010
1011
1012
1013
1014
1015
1016
1017
1018
1019
1020
1021
1022
1023
1024
1025
1026
1027
1028
1029
1030
1031
1032
1033
1034
1035
1036
1037
1038
1039
1040
1041
1042
1043
1044
1045
1046
1047
1048
1049
1050
1051
1052
1053
1054
1055
1056
1057
1058
1059
1060
1061
1062
1063
1064
1065
1066
1067
1068
1069
1070
1071
1072
1073
1074
1075
1076
1077
1078
1079
1080
1081
1082
1083
1084
1085
1086
1087
1088
1089
1090
1091
1092
1093
1094
1095
1096
1097
1098
1099
1100
1101
1102
1103
1104
1105
1106
1107
1109
1110
1111
1112
1113
1114
1115
1116
1117
1118
1119
1120
1121
1122
1123
1124
1125
1126
1127
1128
1129
1130
1131
1132
1133
1134
1135
1136
1137
1138
1139
1140
1141
1142
1143
1144
1145
1146
1147
1148
1149
1150
1151
1152
1153
1154
1155
1156
1157
1158
1159
1160
1162
1163
1164
1165
1166
1167
1168
1169
1170
1171
1172
1173
1174
1175
1176
1178
1179
1180
1181
1182
1183
1184
1186
1187
1188
1189
1190
1191
1192
1193
1194
1195
1196
1197
1198
1199
1200
1201
1202
1203
1204
1205
1206
1207
1208
1209
1210
1211
1212
1213
1214
1215
1216
1217
1218
1219
1220
1221
1222
1223
1224
1225
1226
1227
1228
1229
1231
1234
1235
1236
1237
1238
1239
1240
1241
1242
1243
1244
1245
1246
1247
1248
1249
1250
1251
1252
1253
1254
1255
1256
1257
1258
1259
1260
1261
1262
1263
1264
1265
1266
1267
1268
1269
1271
1272
1273
1274
1275
1277
1278
1279
1280
1282
1283
1284
1285
1286
1287
1288
1289
1290
1291
1292
1293
1294
1295
1296
1297
1298
1299
1300
1301
1302
1303
1304
1305
1306
1307
1308
1310
1311
1312
1313
1314
1315
1316
1317
1318
1319
1320
1321
1322
1323
1324
1325
1326
1327
1328
1330
1331
1332
1333
1334
1335
1336
1338
1339
1340
1341
1342
1343
1344
1345
1346
1347
1348
1349
1350
1351
1352
1353
1354
1355
1356
1358
1360
1361
1362
1363
1364
1365
1366
1367
1368
1369
1370
1371
1372
1373
1374
1375
1376
1377
1378
1379
1380
1381
1382
1383
1384
1385
1386
1387
1388
1389
1390
1391
1392
1393
1394
1395
1396
1400
1401
1402
1404
1405
1406
1407
1408
1409
1410
1411
1412
1413
1414
1415
1416
1417
1418
1419
1420
1421
1422
1423
1425
1426
1427
1428
1429
1430
1431
1432
1433
1434
1435
1436
1438
1439
1440
1441
1442
1443
1445
1446
1447
1448
1449
1451
1452
1453
1454
1455
1456
1457
1458
1459
1460
1461
1462
1463
1464
1465
1466
1467
1468
1469
1470
1471
1472
1473
1474
1475
1476
1477
1478
1479
1480
1481
1482
1483
1484
1485
1487
1488
1489
1493
1494
1495
1496
1497
1498
1499
1500
1501
1502
1503
1505
1506
1508
1509
1510
1511
1512
1513
1514
1515
1516
1517
1518
1519
1520
1521
1522
1523
1524
1525
1526
1527
1528
1529
1530
1531
1532
1533
1534
1535
1536
1537
1538
1539
1540
1541
1542
1543
1544
1545
1546
1547
1548
1549
1550
1551
1552
1553
1554
1555
1556
1557
1558
1559
1560
1561
1562
1563
1564
1565
1566
1567
1568
1569
1570
1572
1573
1574
1575
1576
1577
1578
1579
1580
1581
1582
1583
1584
1586
1587
1588
1589
1590
1591
1592
1593
1594
1595
1596
1597
1598
1599
1600
1601
1602
1603
1604
1605
1606
1607
1608
1609
1610
1611
1612
1613
1614
1615
1616
1617
1618
1619
1620
1622
1623
1624
1625
1626
1627
1628
1630
1631
1632
1633
1634
1635
1636
1637
1638
1639
1640
1641
1642
1643
1644
1645
1646
1647
1648
1649
1650
1652
1653
1654
1655
1656
1657
1658
1659
1660
1661
1662
1663
1664
1665
1666
1667
1668
1669
1670
1671
1672
1673
1674
1675
1676
1678
1679
1680
1681
1682
1683
1684
1685
1686
1687
1689
1690
1691
1692
1693
1694
1695
1696
1697
1698
1699
1700
1701
1702
1703
1704
1705
1706
1707
1708
1709
1710
1711
1712
1713
1714
1715
1716
1718
1719
1720
1721
1722
1723
1724
1725
1726
1727
1728
1730
1731
1732
1733
1734
1736
1737
1738
1740
1741
1742
1743
1744
1745
1746
1748
1749
1750
1752
1753
1754
1755
1756
1757
1759
1760
1761
1762
1763
1764
1765
1766
1767
1768
1769
1770
1771
1772
1773
1774
1775
1776
1777
1778
1779
1780
1781
1782
1783
1784
1785
1786
1787
1788
1789
1790
1791
1792
1793
1794
1795
1796
1797
1798
1799
1800
1801
1802
1803
1804
1805
1806
1807
1808
1809
1810
1811
1812
1813
1814
1815
1816
1817
1818
1819
1820
1821
1822
1824
1825
1826
1827
1828
1829
1830
1831
1832
1833
1834
1835
1836
1837
1838
1839
1840
1841
1842
1843
1844
1845
1846
1847
1848
1849
1850
1851
1852
1853
1854
1855
1856
1857
1858
1859
1860
1861
1862
1863
1864
1865
1866
1867
1869
1870
1871
1874
1875
1876
1877
1878
1879
1880
1881
1882
1883
1884
1885
1886
1887
1888
1889
1890
1891
1892
1893
1894
1895
1896
1897
1898
1899
1900
1901
1902
1904
1905
1906
1908
1910
1911
1912
1915
1916
1917
1918
1919
1921
1922
1923
1924
1925
1926
1927
1928
1929
1930
1931
1932
1934
1935
1936
1937
1938
1940
1941
1942
1943
1944
1945
1946
1947
1948
1949
1950
1951
1953
1954
1955
1956
1957
1958
1959
1960
1962
1963
1964
1965
1966
1967
1968
1970
1971
1972
1973
1975
1976
1977
1978
1979
1980
1981
1982
1983
1984
1985
1986
1987
1988
1989
1990
1991
1992
1993
1994
1996
1997
1998
1999
2000
2001
2002
2003
2004
2006
2007
2008
2009
2010
2011
2012
2013
2014
2015
2017
2018
2019
2020
2021
2022
2024
2025
2027
2028
2029
2030
2031
2032
2033
2034
2036
2037
2038
2039
2041
2043
2044
2045
2046
2047
2048
2050
2051
2052
2053
2054
2055
2056
2057
2058
2059
2060
2061
2063
2064
2068
2069
2070
2071
2072
2073
2074
2075
2076
2077
2078
2079
2080
2081
2082
2083
2084
2085
2086
2087
2088
2089
2090
2091
2092
2093
2094
2095
2096
2098
2099
2100
2101
2103
2104
2105
2106
2107
2108
2109
2110
2112
2113
2114
2116
2117
2118
2119
2120
2121
2122
2123
2124
2126
2127
2128
2129
2131
2132
2133
2134
2135
2136
2137
2138
2139
2140
2141
2143
2144
2145
2146
2147
2148
2149
2150
2151
2152
2153
2154
2155
2156
2158
2159
2160
2161
2162
2163
2164
2165
2166
2167
2168
2169
2170
2171
2172
2173
2174
2176
2177
2178
2179
2180
2181
2182
2184
2185
2186
2187
2188
2189
2190
2191
2192
2193
2194
2195
2196
2197
2198
2199
2200
2201
2202
2203
2204
2205
2206
2208
2209
2210
2211
2212
2213
2215
2216
2217
2219
2220
2222
2224
2225
2226
2227
2228
2229
2230
2231
2232
2233
2234
2235
2236
2237
2239
2241
2242
2243
2244
2245
2246
2247
2248
2249
2250
2251
2252
2253
2254
2255
2256
2257
2258
2259
2260
2261
2262
2263
2264
2265
2266
2267
2269
2270
2271
2272
2274
2275
2276
2277
2278
2279
2280
2282
2283
2284
2285
2286
2287
2288
2289
2290
2291
2292
2293
2294
2295
2297
2298
2299
2301
2302
2303
2304
2305
2306
2307
2308
2309
2310
2311
2312
2313
2314
2315
2316
2318
2319
2320
2321
2322
2323
2324
2325
2327
2328
2329
2330
2331
2332
2333
2334
2335
2336
2337
2338
2341
2342
2343
2344
2345
2346
2347
2348
2349
2350
2351
2353
2354
2355
2356
2357
2358
2359
2361
2362
2363
2364
2365
2366
2367
2368
2369
2370
2372
2373
2374
2375
2376
2377
2378
2379
2380
2381
2382
2383
2384
2385
2387
2388
2389
2390
2391
2392
2393
2394
2395
2396
2397
2398
2399
2400
2402
2403
2404
2405
2406
2407
2408
2409
2410
2411
2412
2413
2414
2416
2418
2420
2421
2422
2423
2424
2425
2426
2427
2428
2429
2430
2432
2433
2434
2435
2436
2437
2438
2439
2440
2441
2442
2443
2444
2445
2446
2447
2448
2450
2452
2453
2454
2455
2456
2458
2459
2461
2462
2463
2464
2466
2467
2468
2469
2470
2471
2472
2473
2475
2476
2477
2478
2479
2480
2481
2482
2483
2484
2485
2486
2487
2488
2489
2491
2492
2493
2494
2495
2496
2497
2498
2499
2500
2501
2502
2503
2504
2505
2506
2507
2508
2509
2510
2511
2512
2513
2514
2515
2516
2517
2518
2519
2520
2521
2522
2523
2524
2525
2526
2527
2528
2529
2530
2531
2532
2533
2534
2535
2536
2537
2538
2540
2541
2542
2543
2544
2545
2546
2547
2548
2549
2550
2551
2552
2553
2554
2555
2556
2557
2558
2559
2560
2561
2562
2563
2564
2565
2566
2567
2568
2569
2570
2571
2572
2573
2574
2575
2576
2577
2578
2579
2580
2581
2582
2583
2585
2586
2587
2588
2589
2590
2591
2592
2593
2594
2595
2596
2597
2598
2599
2600
2601
2602
2603
2604
2605
2606
2607
2609
2610
2611
2612
2613
2614
2615
2617
2618
2619
2621
2622
2623
2624
2625
2626
2627
2628
2629
2630
2631
2632
2633
2634
2635
2636
2637
2638
2639
2640
2641
2642
2643
2644
2645
2646
2647
2648
2649
2650
2651
2652
2653
2654
2656
2657
2658
2659
2660
2661
2662
2663
2664
2665
2666
2668
2669
2670
2671
2673
2674
2675
2676
2677
2678
2679
2680
2681
2682
2683
2684
2685
2686
2688
2689
2690
2691
2692
2693
2694
2695
2696
2697
2698
2699
2700
2701
2702
2703
2704
2705
2706
2707
2708
2709
2710
2711
2712
2713
2714
2715
2716
2717
2718
2719
2720
2721
2722
2723
2724
2725
2726
2727
2729
2730
2731
2732
2733
2734
2736
2737
2738
2739
2740
2741
2742
2743
2744
2745
2746
2747
2748
2749
2750
2751
2752
2754
2755
2756
2757
2758
2759
2760
2762
2763
2764
2765
2766
2767
2768
2769
2770
2771
2772
2773
2774
2775
2776
2777
2779
2780
2781
2782
2783
2784
2785
2786
2787
2788
2789
2790
2791
2792
2793
2794
2795
2796
2797
2798
2799
2800
2801
2802
2803
2804
2805
2806
2809
2811
2812
2813
2814
2815
2816
2817
2818
2820
2821
2822
2823
2824
2825
2826
2827
2828
2829
2830
2831
2832
2833
2834
2835
2836
2837
2838
2839
2840
2841
2842
2843
2844
2845
2846
2847
2848
2849
2850
2851
2852
2854
2855
2856
2857
2858
2859
2860
2861
2862
2863
2864
2865
2866
2867
2868
2869
2870
2871
2872
2873
2874
2875
2876
2877
2878
2879
2880
2881
2882
2883
2884
2885
2886
2887
2890
2891
2892
2893
2894
2895
2896
2897
2898
2899
2900
2901
2902
2903
2904
2905
2906
2907
2908
2909
2910
2911
2912
2913
2914
2915
2917
2918
2919
2920
2921
2922
2923
2924
2925
2926
2928
2929
2930
2931
2932
2933
2934
2935
2936
2937
2938
2939
2940
2942
2943
2944
2945
2946
2947
2948
2949
2950
2951
2952
2953
2954
2955
2956
2957
2958
2959
2960
2961
2962
2963
2964
2965
2966
2967
2968
2969
2971
2972
2973
2974
2975
2976
2977
2978
2979
2980
2981
2982
2983
2984
2985
2987
2989
2990
2991
2992
2993
2994
2995
2996
2997
2998
3000
3001
3002
3003
3004
3006
3007
3008
3009
3010
3012
3013
3014
3015
3016
3017
3018
3019
3021
3022
3023
3024
3025
3026
3027
3028
3030
3031
3032
3033
3034
3035
3036
3037
3038
3039
3040
3041
3042
3043
3044
3045
3046
3047
3048
3049
3050
3051
3052
3053
3054
3055
3056
3057
3058
3059
3060
3061
3062
3063
3064
3065
3066
3067
3069
3070
3071
3072
3073
3074
3075
3076
3077
3078
3079
3080
3081
3082
3083
3084
3085
3086
3087
3088
3089
3090
3091
3092
3094
3095
3096
3097
3098
3099
3100
3101
3102
3103
3105
3106
3107
3108
3109
3110
3111
3112
3113
3114
3115
3117
3118
3120
3122
3123
3124
3125
3126
3127
3128
3129
3130
3131
3132
3133
3134
3135
3136
3137
3138
3139
3140
3141
3143
3144
3145
3146
3147
3148
3150
3151
3152
3153
3154
3155
3156
3157
3158
3159
3160
3161
3162
3163
3164
3165
3166
3167
3168
3170
3171
3172
3173
3174
3175
3176
3177
3178
3179
3180
3181
3182
3183
3184
3185
3186
3187
3188
3189
3190
3191
3192
3193
3194
3195
3196
3197
3198
3199
3200
3201
3202
3203
3204
3205
3207
3208
3209
3210
3212
3213
3214
3215
3216
3217
3218
3219
3221
3222
3223
3224
3225
3226
3227
3228
3229
3231
3232
3233
3234
3235
3237
3238
3239
3240
3241
3242
3243
3244
3246
3247
3248
3250
3251
3252
3253
3254
3255
3256
3257
3258
3259
3260
3262
3263
3264
3265
3266
3267
3268
3269
3270
3271
3272
3273
3274
3276
3277
3278
3279
3280
3281
3282
3283
3284
3285
3286
3287
3288
3289
3290
3291
3292
3293
3294
3295
3296
3297
3298
3299
3300
3301
3302
3303
3304
3305
3306
3307
3308
3309
3310
3311
3312
3313
3314
3315
3316
3317
3318
3319
3320
3321
3322
3323
3324
3325
3327
3328
3330
3331
3332
3333
3334
3335
3336
3337
3339
3340
3342
3343
3344
3345
3346
3347
3348
3349
3350
3352
3354
3355
3356
3357
3358
3359
3360
3361
3362
3364
3366
3367
3368
3369
3370
3371
3372
3373
3374
3375
3376
3377
3378
3379
3380
3381
3382
3383
3384
3385
3387
3388
3389
3390
3391
3392
3393
3394
3395
3396
3397
3398
3399
3400
3401
3402
3403
3404
3405
3406
3407
3408
3409
3410
3411
3412
3413
3414
3415
3416
3417
3418
3419
3420
3421
3422
3423
3424
3425
3426
3427
3428
3429
3430
3431
3432
3433
3434
3435
3436
3437
3438
3439
3440
3442
3443
3444
3445
3446
3447
3448
3449
3450
3451
3452
3455
3456
3457
3458
3459
3460
3461
3462
3463
3464
3465
3467
3468
3469
3470
3471
3472
3473
3474
3476
3477
3478
3479
3480
3481
3482
3485
3486
3487
3488
3489
3490
3491
3492
3493
3494
3495
3496
3497
3498
3499
3500
3501
3502
3503
3504
3505
3506
3507
3508
3509
3510
3511
3512
3513
3514
3515
3516
3517
3518
3519
3520
3521
3522
3523
3524
3525
3526
3527
3528
3529
3531
3533
3534
3535
3536
3537
3538
3539
3540
3541
3542
3543
3544
3545
3546
3547
3549
3550
3552
3553
3554
3555
3556
3557
3558
3559
3560
3561
3562
3563
3564
3565
3566
3567
3568
3569
3570
3571
3572
3573
3574
3575
3576
3577
3578
3579
3580
3581
3582
3583
3584
3585
3586
3587
3588
3589
3591
3593
3594
3595
3596
3597
3598
3599
3600
3601
3602
3603
3604
3605
3606
3608
3609
3610
3611
3612
3613
3614
3615
3616
3617
3618
3619
3620
3621
3622
3623
3625
3626
3627
3628
3629
3630
3631
3632
3633
3634
3635
3636
3637
3638
3639
3641
3642
3643
3644
3645
3646
3647
3648
3650
3651
3653
3654
3655
3656
3657
3658
3659
3660
3661
3662
3663
3664
3665
3666
3667
3668
3669
3670
3671
3672
3674
3675
3676
3677
3678
3679
3680
3681
3682
3683
3684
3687
3689
3690
3691
3692
3693
3694
3696
3697
3700
3701
3702
3703
3704
3705
3706
3707
3708
3709
3710
3711
3712
3713
3714
3715
3716
3717
3718
3719
3720
3721
3722
3723
3724
3725
3726
3727
3728
3729
3730
3731
3732
3733
3734
3736
3737
3738
3739
3740
3741
3742
3743
3744
3745
3746
3747
3749
3750
3751
3752
3753
3754
3755
3756
3757
3758
3759
3760
3761
3762
3763
3764
3765
3766
3768
3769
3770
3771
3772
3773
3775
3776
3777
3778
3779
3780
3781
3782
3786
3787
3788
3789
3790
3791
3792
3793
3794
3795
3796
3797
3798
3799
3800
3801
3802
3803
3804
3805
3806
3807
3808
3809
3810
3811
3812
3813
3814
3815
3816
3817
3818
3819
3820
3821
3822
3826
3827
3828
3829
3830
3831
3832
3833
3834
3835
3836
3837
3838
3839
3840
3841
3842
3843
3844
3845
3847
3848
3851
3852
3853
3854
3855
3856
3857
3858
3859
3860
3861
3862
3863
3864
3865
3866
3867
3868
3869
3870
3874
3875
3876
3878
3879
3881
3882
3883
3884
3885
3886
3887
3888
3889
3890
3891
3892
3895
3896
3897
3899
3900
3901
3902
3903
3904
3905
3906
3907
3908
3909
3910
3911
3913
3914
3915
3919
3920
3921
3922
3923
3924
3925
3926
3927
3928
3929
3930
3931
3933
3935
3936
3938
3939
3940
3942
3943
3944
3945
3946
3947
3949
3950
3951
3952
3953
3954
3955
3956
3957
3958
3959
3960
3961
3962
3963
3964
3965
3967
3968
3971
3972
3974
3975
3976
3977
3978
3979
3980
3981
3982
3983
3984
3985
3986
3987
3988
3989
3990
3991
3992
3993
3994
3995
3996
3997
3998
3999
4000
4001
4002
4003
4004
4005
4006
4007
4008
4009
4010
4011
4012
4013
4014
4015
4016
4017
4018
4019
4020
4021
4022
4023
4024
4025
4026
4028
4029
4030
4031
4032
4033
4034
4035
4036
4037
4038
4039
4040
4041
4042
4043
4044
4045
4046
4047
4048
4049
4050
4051
4052
4053
4054
4055
4056
4057
4058
4059
4060
4062
4063
4064
4065
4066
4067
4068
4069
4070
4071
4072
4073
4075
4076
4077
4078
4079
4081
4082
4083
4084
4086
4087
4088
4089
4090
4091
4092
4093
4094
4095
4097
4098
4099
4100
4101
4102
4104
4105
4106
4107
4108
4109
4111
4112
4115
4116
4117
4118
4119
4120
4121
4122
4123
4124
4125
4126
4127
4128
4129
4130
4131
4132
4133
4134
4137
4138
4139
4140
4141
4142
4143
4144
4145
4146
4147
4148
4149
4150
4151
4152
4154
4155
4156
4157
4158
4159
4160
4161
4162
4163
4164
4165
4166
4167
4168
4169
4170
4171
4172
4173
4174
4175
4176
4177
4178
4179
4180
4181
4182
4183
4184
4185
4188
4189
4190
4191
4192
4193
4194
4195
4196
4197
4199
4201
4202
4203
4204
4205
4206
4207
4208
4209
4210
4211
4212
4213
4215
4216
4217
4219
4220
4221
4222
4224
4225
4226
4227
4228
4229
4230
4232
4233
4234
4235
4236
4237
4238
4240
4241
4242
4243
4244
4245
4246
4247
4248
4249
4251
4252
4253
4254
4255
4256
4257
4258
4259
4260
4261
4262
4263
4265
4266
4267
4268
4269
4270
4271
4272
4273
4274
4275
4276
4277
4278
4279
4281
4282
4283
4284
4285
4286
4288
4289
4290
4291
4292
4293
4294
4295
4297
4299
4300
4302
4303
4304
4306
4307
4308
4309
4310
4311
4312
4313
4314
4315
4317
4318
4319
4320
4321
4322
4323
4324
4325
4327
4329
4330
4331
4332
4334
4335
4336
4337
4338
4339
4341
4342
4343
4344
4345
4346
4347
4348
4350
4351
4352
4353
4354
4355
4356
4357
4359
4360
4361
4362
4363
4364
4368
4369
4370
4371
4372
4373
4374
4375
4376
4377
4378
4379
4380
4381
4382
4383
4384
4385
4386
4389
4390
4391
4392
4393
4394
4395
4396
4397
4399
4400
4401
4402
4404
4405
4406
4409
4410
4412
4413
4414
4415
4416
4417
4418
4419
4420
4421
4422
4423
4424
4425
4426
4427
4428
4429
4430
4431
4432
4433
4434
4435
4436
4437
4438
4439
4440
4441
4442
4443
4444
4445
4447
4448
4449
4450
4451
4452
4453
4454
4455
4456
4457
4458
4459
4460
4461
4462
4463
4464
4465
4466
4467
4468
4470
4471
4472
4473
4474
4475
4476
4477
4478
4479
4480
4481
4482
4483
4484
4485
4486
4487
4488
4489
4490
4492
4493
4494
4495
4496
4497
4498
4499
4500
4501
4502
4503
4504
4505
4506
4507
4508
4511
4512
4515
4517
4518
4519
4520
4521
4522
4523
4524
4525
4526
4528
4529
4530
4531
4532
4534
4535
4536
4537
4538
4539
4540
4541
4542
4543
4545
4546
4547
4549
4550
4551
4552
4553
4554
4555
4556
4557
4559
4560
4561
4562
4563
4564
4565
4566
4567
4568
4570
4571
4573
4574
4575
4577
4578
4580
4581
4582
4583
4584
4585
4586
4587
4588
4589
4590
4591
4592
4593
4594
4595
4598
4599
4600
4601
4602
4603
4606
4607
4608
4609
4610
4611
4612
4613
4614
4615
4616
4617
4618
4619
4620
4621
4622
4623
4624
4625
4627
4629
4630
4631
4632
4633
4634
4635
4637
4638
4639
4642
4643
4644
4645
4648
4649
4650
4651
4652
4653
4654
4655
4656
4657
4658
4659
4660
4661
4662
4663
4664
4665
4666
4667
4668
4670
4671
4672
4673
4674
4675
4676
4677
4678
4679
4680
4681
4682
4684
4686
4687
4688
4689
4690
4691
4692
4693
4694
4695
4696
4697
4698
4699
4700
4701
4702
4704
4706
4707
4708
4710
4711
4712
4713
4714
4715
4716
4717
4718
4719
4721
4722
4723
4724
4725
4726
4727
4729
4730
4731
4732
4733
4734
4735
4736
4737
4738
4740
4741
4742
4744
4745
4746
4747
4748
4749
4750
4751
4752
4754
4755
4756
4757
4758
4759
4761
4762
4763
4764
4765
4766
4767
4769
4770
4771
4773
4774
4775
4776
4777
4778
4779
4780
4781
4782
4783
4784
4785
4786
4787
4788
4789
4790
4791
4792
4793
4794
4796
4797
4798
4799
4800
4801
4802
4803
4804
4805
4806
4807
4808
4809
4810
4811
4813
4814
4816
4818
4820
4821
4822
4823
4824
4826
4827
4828
4829
4830
4831
4832
4833
4834
4835
4836
4837
4838
4839
4840
4841
4842
4843
4844
4846
4847
4848
4849
4850
4851
4852
4853
4855
4856
4858
4859
4860
4861
4862
4863
4864
4866
4868
4869
4871
4873
4874
4875
4876
4878
4879
4880
4881
4883
4884
4885
4886
4887
4888
4889
4890
4891
4892
4893
4895
4896
4897
4898
4899
4900
4902
4903
4904
4905
4906
4908
4909
4911
4912
4913
4916
4917
4918
4919
4920
4922
4923
4924
4925
4927
4928
4929
4933
4934
4935
4936
4937
4938
4939
4941
4942
4944
4945
4946
4947
4948
4950
4951
4952
4953
4954
4955
4956
4958
4959
4961
4962
4963
4964
4965
4967
4968
4970
4971
4972
4973
4974
4976
4977
4978
4979
4980
4981
4982
4983
4984
4985
4986
4987
4988
4989
4990
4992
4993
4994
4996
4997
4998
5000
5001
5002
5003
5004
5005
5006
5007
5008
5010
5012
5013
5014
5015
5016
5017
5018
5019
5020
5021
5022
5024
5025
5026
5027
5028
5029
5030
5031
5032
5033
5034
5036
5037
5038
5039
5040
5041
5042
5043
5044
5045
5046
5047
5048
5049
5051
5052
5053
5054
5055
5056
5057
5058
5059
5061
5062
5064
5065
5066
5067
5068
5069
5070
5071
5072
5073
5074
5075
5076
5077
5078
5079
5080
5081
5082
5083
5084
5085
5087
5088
5089
5090
5091
5093
5094
5095
5096
5097
5098
5099
5101
5102
5103
5104
5105
5106
5108
5109
5110
5111
5112
5113
5114
5115
5116
5117
5118
5119
5121
5122
5123
5124
5125
5126
5127
5128
5129
5130
5131
5132
5133
5134
5135
5136
5137
5138
5139
5140
5141
5142
5143
5144
5145
5146
5147
5148
5149
5150
5151
5152
5154
5157
5158
5159
5160
5161
5162
5163
5164
5165
5166
5167
5168
5169
5170
5171
5173
5174
5175
5176
5177
5179
5180
5181
5182
5183
5184
5185
5186
5187
5188
5189
5190
5191
5192
5193
5194
5195
5197
5198
5199
5200
5201
5202
5203
5204
5206
5207
5208
5210
5211
5212
5213
5214
5215
5216
5217
5218
5219
5220
5221
5222
5223
5224
5225
5226
5227
5228
5229
5230
5231
5232
5233
5235
5236
5237
5238
5239
5242
5243
5245
5246
5247
5248
5251
5252
5253
5254
5255
5256
5257
5258
5259
5260
5261
5262
5263
5264
5265
5267
5268
5269
5270
5271
5272
5273
5274
5275
5278
5279
5280
5281
5282
5283
5284
5285
5286
5287
5288
5289
5290
5291
5292
5293
5295
5296
5297
5298
5299
5300
5302
5303
5304
5305
5306
5307
5308
5309
5310
5312
5313
5314
5315
5316
5317
5318
5319
5320
5323
5324
5326
5327
5328
5330
5331
5332
5333
5334
5335
5337
5338
5339
5340
5341
5342
5343
5344
5345
5346
5347
5348
5349
5350
5351
5352
5353
5354
5355
5356
5357
5358
5359
5360
5361
5362
5363
5364
5365
5366
5367
5368
5369
5370
5371
5372
5373
5374
5375
5376
5378
5379
5380
5381
5382
5383
5384
5385
5386
5387
5388
5390
5391
5392
5394
5395
5396
5397
5398
5399
5400
5401
5402
5403
5404
5405
5406
5407
5408
5409
5411
5413
5414
5415
5416
5417
5418
5419
5423
5424
5425
5426
5427
5428
5429
5430
5432
5433
5434
5435
5436
5437
5438
5439
5440
5441
5442
5443
5444
5445
5446
5447
5448
5449
5450
5451
5452
5453
5454
5455
5456
5457
5458
5459
5460
5461
5462
5464
5466
5467
5468
5469
5471
5472
5473
5474
5475
5476
5477
5478
5479
5480
5481
5482
5483
5484
5485
5486
5487
5488
5489
5490
5491
5492
5493
5494
5495
5497
5498
5499
5500
5501
5502
5503
5505
5506
5507
5508
5509
5510
5511
5512
5513
5514
5515
5516
5517
5518
5520
5521
5522
5523
5524
5526
5527
5529
5530
5531
5532
5533
5534
5535
5536
5537
5539
5540
5541
5544
5545
5546
5547
5548
5549
5550
5551
5552
5553
5555
5557
5558
5559
5560
5561
5562
5563
5564
5565
5566
5567
5568
5570
5571
5572
5574
5575
5576
5577
5578
5579
5582
5583
5584
5585
5586
5587
5588
5589
5590
5591
5593
5594
5595
5596
5597
5598
5599
5600
5601
5602
5603
5604
5605
5606
5607
5608
5609
5610
5611
5612
5614
5615
5617
5618
5619
5620
5621
5622
5623
5626
5627
5628
5629
5630
5631
5632
5633
5634
5636
5637
5638
5639
5640
5641
5642
5643
5645
5646
5647
5648
5649
5650
5651
5652
5653
5654
5655
5656
5657
5658
5659
5660
5661
5662
5665
5666
5667
5668
5670
5671
5672
5673
5674
5675
5676
5677
5678
5679
5680
5681
5682
5683
5684
5685
5686
5687
5688
5689
5690
5691
5692
5693
5695
5696
5697
5698
5699
5701
5702
5703
5705
5706
5707
5708
5709
5710
5711
5712
5713
5714
5715
5716
5717
5721
5722
5723
5724
5725
5726
5727
5728
5730
5731
5732
5733
5734
5735
5736
5737
5738
5739
5740
5741
5742
5743
5745
5746
5748
5749
5750
5751
5752
5753
5755
5756
5757
5758
5759
5761
5762
5763
5764
5765
5767
5768
5769
5770
5772
5774
5775
5776
5777
5778
5779
5780
5781
5782
5783
5784
5786
5787
5788
5789
5790
5791
5792
5793
5794
5795
5797
5798
5799
5800
5801
5802
5803
5804
5805
5807
5808
5809
5810
5812
5813
5814
5815
5816
5817
5818
5819
5820
5821
5822
5823
5824
5826
5827
5829
5830
5832
5833
5834
5836
5837
5838
5839
5840
5842
5843
5844
5846
5847
5848
5849
5850
5851
5852
5853
5854
5855
5856
5857
5860
5861
5862
5864
5865
5866
5868
5869
5870
5871
5872
5875
5876
5877
5878
5879
5880
5882
5883
5886
5887
5888
5889
5891
5893
5894
5895
5896
5898
5899
5900
5901
5902
5903
5904
5905
5906
5907
5908
5909
5910
5911
5912
5914
5915
5916
5917
5918
5919
5920
5921
5922
5923
5924
5925
5926
5927
5928
5930
5931
5933
5934
5935
5936
5937
5938
5939
5940
5941
5943
5944
5945
5946
5947
5948
5949
5950
5951
5952
5953
5954
5955
5956
5957
5958
5959
5961
5962
5963
5964
5966
5968
5969
5970
5971
5972
5973
5974
5975
5976
5977
5978
5979
5980
5981
5982
5983
5984
5985
5986
5987
5988
5989
5990
5991
5992
5994
5995
5996
5997
5998
5999
6000
6001
6003
6004
6005
6006
6007
6009
6011
6012
6013
6014
6015
6016
6017
6018
6019
6020
6021
6022
6024
6025
6026
6027
6028
6030
6031
6032
6033
6036
6037
6038
6039
6040
6041
6042
6043
6044
6045
6046
6047
6048
6051
6052
6053
6054
6056
6057
6058
6059
6060
6061
6062
6063
6064
6065
6066
6067
6068
6069
6070
6071
6072
6073
6074
6075
6076
6077
6078
6079
6080
6081
6082
6083
6084
6085
6087
6088
6090
6092
6093
6094
6095
6096
6097
6098
6099
6101
6102
6103
6105
6106
6107
6108
6109
6110
6111
6112
6113
6114
6117
6119
6121
6122
6124
6125
6126
6127
6129
6130
6131
6132
6133
6134
6135
6136
6138
6139
6140
6141
6142
6143
6144
6146
6148
6149
6150
6151
6152
6153
6154
6156
6157
6158
6159
6160
6161
6162
6163
6164
6165
6166
6167
6168
6169
6170
6171
6173
6174
6175
6176
6177
6178
6179
6180
6182
6183
6184
6185
6186
6187
6188
6189
6190
6191
6192
6193
6194
6195
6196
6197
6198
6199
6201
6202
6203
6204
6205
6206
6207
6208
6209
6210
6211
6212
6213
6214
6215
6216
6217
6218
6220
6221
6222
6223
6224
6225
6227
6228
6229
6230
6231
6232
6233
6234
6235
6236
6237
6238
6239
6241
6243
6244
6245
6246
6248
6249
6250
6251
6252
6253
6254
6255
6256
6257
6258
6259
6260
6262
6263
6264
6265
6266
6267
6268
6269
6272
6273
6275
6276
6277
6278
6279
6280
6281
6282
6283
6284
6285
6286
6287
6288
6289
6290
6292
6293
6295
6296
6297
6298
6299
6300
6301
6302
6304
6305
6306
6308
6309
6310
6311
6312
6313
6314
6316
6319
6320
6321
6322
6323
6324
6325
6326
6327
6328
6329
6330
6331
6332
6333
6334
6335
6336
6337
6338
6339
6340
6341
6342
6343
6345
6346
6347
6348
6349
6350
6351
6352
6353
6354
6355
6356
6357
6358
6359
6360
6361
6362
6363
6364
6365
6367
6368
6369
6371
6373
6374
6375
6376
6377
6378
6379
6380
6381
6382
6383
6384
6386
6387
6390
6391
6392
6393
6394
6395
6396
6397
6398
6399
6400
6401
6402
6403
6404
6405
6406
6408
6409
6410
6411
6414
6415
6416
6418
6419
6420
6421
6424
6425
6426
6427
6428
6429
6430
6433
6434
6435
6436
6437
6438
6439
6440
6441
6442
6443
6445
6446
6447
6448
6449
6450
6451
6452
6453
6454
6455
6456
6457
6459
6460
6463
6464
6465
6466
6469
6470
6471
6472
6473
6474
6475
6476
6477
6478
6479
6481
6482
6483
6485
6486
6487
6488
6489
6491
6492
6493
6494
6495
6497
6498
6500
6501
6502
6503
6504
6505
6507
6508
6509
6510
6511
6512
6513
6514
6515
6516
6517
6518
6519
6520
6521
6522
6523
6525
6526
6527
6528
6529
6530
6531
6532
6533
6534
6535
6536
6537
6538
6539
6540
6541
6542
6543
6544
6545
6546
6547
6548
6549
6550
6551
6552
6554
6556
6557
6558
6559
6560
6561
6562
6563
6564
6565
6566
6568
6569
6570
6572
6573
6574
6575
6576
6577
6579
6581
6582
6583
6584
6585
6587
6588
6589
6590
6591
6592
6593
6594
6595
6596
6597
6599
6600
6601
6602
6603
6604
6605
6606
6607
6608
6609
6610
6611
6612
6613
6614
6615
6616
6617
6618
6620
6621
6622
6623
6624
6625
6627
6628
6629
6630
6631
6632
6633
6634
6635
6636
6637
6638
6639
6640
6641
6642
6643
6644
6645
6646
6647
6648
6649
6650
6652
6653
6655
6656
6657
6658
6659
6660
6661
6662
6663
6664
6665
6666
6667
6669
6670
6672
6673
6674
6675
6676
6677
6679
6680
6681
6683
6684
6686
6687
6688
6689
6692
6693
6694
6695
6696
6697
6698
6699
6700
6701
6702
6703
6704
6705
6706
6707
6708
6710
6711
6712
6713
6714
6715
6716
6717
6718
6719
6720
6721
6722
6724
6725
6726
6727
6728
6729
6730
6731
6734
6735
6736
6737
6738
6739
6741
6742
6743
6744
6745
6746
6747
6748
6749
6750
6751
6752
6754
6755
6756
6757
6758
6759
6760
6761
6762
6763
6764
6765
6766
6767
6768
6769
6770
6771
6773
6774
6775
6776
6777
6778
6779
6780
6781
6783
6784
6787
6788
6789
6790
6791
6792
6794
6795
6796
6797
6799
6801
6802
6803
6804
6805
6806
6807
6808
6809
6810
6811
6812
6813
6814
6815
6816
6817
6818
6819
6820
6821
6823
6824
6826
6829
6830
6832
6833
6834
6835
6836
6839
6841
6843
6844
6845
6846
6847
6848
6849
6850
6851
6852
6853
6854
6855
6856
6857
6858
6859
6860
6861
6862
6863
6865
6866
6867
6868
6869
6870
6872
6873
6874
6875
6878
6879
6880
6881
6884
6885
6886
6889
6891
6892
6895
6897
6898
6900
6901
6902
6903
6905
6906
6907
6909
6911
6912
6913
6914
6915
6916
6917
6918
6920
6921
6922
6923
6924
6925
6926
6927
6929
6930
6931
6933
6934
6937
6940
6941
6942
6943
6944
6945
6946
6947
6948
6949
6950
6951
6952
6953
6954
6957
6958
6959
6960
6961
6962
6964
6965
6966
6967
6968
6969
6970
6971
6972
6973
6974
6975
6976
6977
6978
6979
6980
6982
6983
6985
6986
6988
6989
6990
6991
6992
6994
6995
6996
6999
7001
7002
7003
7004
7005
7006
7007
7008
7009
7010
7011
7012
7014
7016
7017
7019
7020
7021
7022
7023
7025
7026
7027
7028
7029
7030
7031
7032
7033
7034
7035
7036
7037
7038
7039
7041
7042
7043
7044
7045
7047
7048
7049
7052
7054
7055
7056
7057
7058
7059
7060
7061
7062
7063
7064
7065
7066
7067
7068
7070
7071
7072
7073
7075
7076
7077
7078
7079
7080
7081
7082
7083
7085
7086
7087
7088
7090
7091
7092
7093
7094
7095
7096
7097
7098
7099
7101
7102
7104
7106
7107
7108
7110
7111
7112
7113
7114
7115
7116
7117
7119
7120
7121
7122
7123
7124
7125
7126
7127
7128
7129
7130
7131
7132
7133
7134
7135
7136
7137
7139
7141
7142
7143
7144
7145
7146
7147
7148
7150
7151
7153
7154
7155
7156
7157
7158
7159
7160
7161
7162
7163
7164
7165
7166
7167
7168
7169
7170
7171
7172
7173
7174
7176
7177
7178
7179
7181
7182
7183
7185
7186
7187
7188
7189
7190
7191
7192
7193
7195
7196
7198
7199
7202
7205
7206
7207
7208
7209
7210
7211
7213
7214
7220
7221
7222
7223
7224
7225
7226
7227
7228
7229
7230
7231
7233
7234
7236
7238
7239
7241
7242
7243
7244
7245
7246
7247
7249
7250
7251
7252
7253
7254
7255
7256
7258
7259
7260
7261
7262
7263
7265
7267
7268
7269
7270
7271
7272
7274
7276
7277
7278
7279
7280
7281
7283
7284
7285
7286
7287
7288
7289
7290
7291
7292
7294
7295
7297
7298
7299
7300
7301
7302
7303
7304
7305
7307
7308
7309
7310
7314
7315
7317
7318
7319
7320
7321
7322
7324
7325
7326
7327
7328
7329
7330
7331
7332
7333
7334
7335
7336
7337
7338
7339
7341
7343
7344
7345
7346
7348
7349
7350
7351
7353
7354
7355
7357
7359
7361
7363
7364
7365
7366
7367
7368
7369
7370
7371
7372
7373
7374
7375
7376
7377
7379
7380
7381
7382
7383
7384
7385
7386
7387
7389
7390
7391
7392
7393
7394
7395
7396
7397
7398
7399
7401
7402
7404
7406
7407
7408
7409
7410
7413
7415
7416
7417
7418
7419
7420
7421
7423
7424
7426
7427
7428
7429
7430
7431
7432
7433
7434
7435
7436
7437
7438
7439
7440
7441
7442
7444
7445
7446
7447
7448
7449
7450
7451
7453
7454
7455
7457
7458
7459
7460
7461
7462
7463
7464
7465
7466
7467
7468
7469
7470
7472
7473
7474
7476
7477
7478
7479
7480
7481
7483
7484
7485
7487
7489
7491
7493
7494
7495
7496
7497
7498
7499
7500
7501
7502
7503
7505
7506
7508
7509
7511
7512
7514
7515
7516
7520
7521
7522
7523
7524
7525
7526
7527
7528
7529
7530
7531
7532
7533
7534
7535
7537
7538
7539
7540
7541
7542
7543
7544
7545
7546
7547
7548
7549
7551
7552
7553
7554
7555
7556
7557
7558
7559
7560
7561
7563
7564
7565
7566
7567
7568
7569
7570
7571
7572
7573
7574
7575
7576
7578
7579
7580
7581
7582
7583
7584
7585
7586
7587
7588
7589
7590
7591
7592
7593
7594
7595
7596
7597
7598
7601
7602
7604
7605
7606
7607
7608
7609
7610
7611
7612
7613
7614
7615
7616
7617
7618
7619
7620
7621
7622
7624
7625
7626
7627
7628
7629
7632
7633
7634
7635
7636
7637
7638
7639
7640
7641
7642
7643
7644
7645
7647
7648
7649
7650
7651
7652
7653
7654
7655
7656
7657
7658
7659
7660
7661
7662
7663
7664
7665
7666
7667
7669
7670
7671
7672
7673
7674
7675
7677
7678
7679
7681
7682
7683
7684
7685
7686
7687
7689
7690
7691
7692
7693
7694
7695
7696
7697
7698
7699
7700
7701
7703
7705
7706
7707
7708
7709
7710
7711
7712
7713
7714
7715
7716
7717
7718
7719
7720
7722
7723
7724
7725
7726
7727
7728
7729
7731
7733
7734
7735
7736
7737
7738
7739
7741
7742
7743
7744
7745
7746
7747
7748
7749
7750
7751
7752
7753
7756
7757
7760
7761
7762
7763
7764
7765
7766
7767
7769
7770
7771
7772
7773
7774
7775
7776
7778
7779
7780
7781
7782
7783
7784
7785
7786
7787
7788
7789
7790
7791
7792
7793
7794
7795
7796
7797
7798
7799
7800
7802
7803
7804
7805
7806
7807
7808
7809
7810
7811
7812
7813
7815
7817
7819
7820
7821
7822
7824
7825
7826
7827
7828
7829
7830
7831
7832
7833
7834
7836
7838
7839
7840
7841
7842
7843
7844
7847
7848
7849
7850
7851
7852
7853
7854
7855
7856
7857
7858
7859
7860
7861
7862
7863
7864
7865
7866
7867
7869
7870
7871
7872
7873
7874
7875
7876
7877
7878
7879
7880
7881
7883
7884
7885
7886
7888
7889
7890
7891
7892
7894
7896
7897
7898
7899
7900
7902
7903
7904
7905
7906
7907
7909
7910
7911
7912
7913
7914
7915
7916
7918
7919
7920
7922
7923
7924
7926
7928
7929
7930
7931
7932
7934
7935
7936
7937
7939
7940
7941
7942
7943
7944
7945
7946
7947
7948
7949
7950
7952
7953
7954
7955
7956
7957
7960
7962
7963
7964
7965
7966
7967
7968
7969
7970
7972
7974
7975
7976
7977
7978
7979
7980
7982
7983
7984
7985
7987
7988
7990
7991
7993
7994
7995
7998
7999
8001
8002
8003
8005
8006
8007
8008
8009
8010
8012
8013
8014
8015
8016
8017
8018
8019
8020
8021
8022
8023
8024
8025
8026
8027
8028
8029
8030
8032
8033
8034
8036
8037
8038
8040
8042
8043
8044
8045
8046
8047
8049
8050
8052
8053
8054
8055
8056
8057
8058
8059
8060
8061
8063
8064
8065
8066
8068
8069
8070
8071
8072
8074
8075
8076
8077
8078
8079
8080
8081
8082
8083
8084
8085
8086
8087
8088
8089
8090
8091
8092
8094
8095
8096
8097
8098
8099
8100
8101
8102
8103
8104
8105
8106
8107
8108
8110
8111
8112
8113
8114
8115
8116
8117
8118
8119
8120
8121
8122
8123
8124
8125
8127
8128
8129
8130
8132
8134
8135
8136
8137
8138
8139
8140
8141
8142
8143
8144
8145
8146
8147
8148
8149
8150
8151
8152
8153
8154
8155
8156
8157
8158
8159
8160
8161
8162
8163
8164
8165
8166
8167
8168
8169
8170
8171
8172
8173
8174
8176
8177
8178
8179
8180
8181
8184
8185
8186
8187
8188
8189
8190
8191
8192
8193
8194
8195
8196
8197
8198
8199
8200
8201
8202
8203
8204
8205
8206
8207
8209
8210
8211
8212
8213
8214
8216
8217
8218
8219
8220
8221
8222
8223
8224
8225
8227
8228
8229
8230
8231
8232
8233
8234
8235
8236
8238
8239
8240
8241
8242
8243
8244
8245
8246
8250
8251
8252
8253
8254
8255
8256
8259
8260
8261
8262
8263
8264
8265
8266
8268
8269
8271
8273
8274
8275
8276
8277
8279
8280
8281
8282
8284
8285
8286
8287
8288
8289
8290
8291
8292
8294
8295
8296
8297
8298
8299
8300
8302
8303
8305
8306
8307
8308
8309
8310
8311
8312
8313
8315
8316
8317
8318
8319
8320
8321
8322
8323
8324
8326
8327
8328
8329
8330
8332
8333
8334
8335
8336
8337
8338
8339
8340
8341
8342
8343
8344
8345
8346
8347
8348
8350
8351
8352
8354
8355
8357
8358
8359
8361
8362
8363
8364
8365
8366
8367
8368
8369
8371
8373
8374
8376
8377
8378
8379
8380
8381
8383
8384
8385
8386
8387
8388
8389
8390
8391
8392
8393
8394
8395
8396
8397
8398
8400
8401
8402
8403
8404
8405
8406
8407
8409
8410
8412
8413
8415
8416
8417
8418
8419
8420
8421
8422
8423
8425
8426
8427
8428
8429
8430
8431
8432
8433
8434
8435
8436
8438
8439
8440
8441
8442
8443
8444
8445
8446
8448
8449
8450
8451
8452
8453
8454
8455
8457
8458
8460
8462
8463
8464
8466
8468
8469
8470
8471
8472
8473
8474
8475
8476
8477
8478
8479
8480
8481
8482
8483
8484
8485
8486
8487
8488
8489
8490
8491
8492
8493
8494
8495
8496
8497
8498
8499
8500
8501
8502
8505
8506
8507
8508
8509
8510
8511
8512
8513
8514
8515
8516
8517
8518
8519
8520
8521
8523
8524
8525
8526
8527
8529
8530
8531
8532
8533
8534
8535
8536
8539
8540
8541
8542
8543
8544
8545
8547
8548
8549
8551
8552
8553
8554
8555
8556
8557
8558
8559
8560
8561
8562
8563
8564
8565
8566
8568
8569
8570
8573
8574
8577
8578
8580
8581
8582
8583
8584
8585
8586
8587
8588
8589
8591
8592
8593
8594
8595
8596
8597
8598
8599
8600
8601
8602
8604
8605
8606
8608
8609
8610
8611
8612
8613
8614
8615
8616
8617
8618
8619
8620
8621
8622
8623
8624
8625
8626
8627
8628
8629
8630
8632
8633
8634
8635
8636
8637
8638
8639
8640
8642
8643
8644
8645
8646
8647
8648
8649
8652
8653
8654
8655
8656
8657
8658
8659
8660
8661
8662
8663
8664
8665
8666
8668
8669
8670
8672
8673
8674
8677
8678
8679
8680
8681
8682
8683
8684
8685
8686
8687
8689
8690
8691
8692
8693
8695
8696
8697
8698
8699
8700
8701
8702
8703
8704
8705
8707
8708
8710
8712
8713
8714
8717
8719
8720
8721
8722
8723
8724
8725
8727
8728
8729
8731
8732
8733
8734
8735
8736
8737
8739
8742
8743
8744
8745
8746
8747
8748
8749
8750
8751
8753
8754
8755
8756
8757
8758
8759
8760
8761
8762
8764
8765
8766
8767
8769
8770
8771
8772
8775
8776
8777
8778
8779
8780
8782
8783
8784
8785
8786
8788
8790
8791
8792
8793
8794
8795
8796
8798
8799
8800
8801
8804
8805
8806
8807
8808
8809
8810
8811
8812
8814
8815
8817
8818
8820
8821
8823
8825
8826
8827
8828
8829
8831
8833
8834
8835
8836
8837
8838
8839
8842
8843
8844
8845
8846
8847
8848
8849
8850
8851
8852
8853
8854
8855
8856
8858
8860
8862
8863
8865
8866
8867
8868
8869
8871
8872
8873
8874
8875
8876
8877
8878
8879
8881
8882
8883
8884
8885
8886
8887
8888
8889
8890
8891
8892
8893
8894
8895
8896
8897
8898
8899
8900
8901
8902
8903
8904
8905
8906
8907
8908
8910
8911
8912
8913
8914
8915
8916
8917
8918
8919
8920
8921
8922
8923
8924
8925
8926
8927
8928
8929
8930
8931
8932
8933
8934
8936
8937
8938
8940
8941
8942
8943
8944
8945
8946
8947
8948
8949
8950
8951
8952
8953
8955
8956
8957
8958
8959
8960
8961
8962
8963
8964
8967
8968
8969
8970
8971
8972
8973
8976
8977
8978
8979
8980
8981
8982
8983
8984
8985
8987
8988
8989
8990
8991
8992
8994
8995
8996
8997
8999
9000
9002
9003
9004
9006
9007
9008
9009
9010
9012
9013
9014
9016
9017
9018
9019
9020
9021
9023
9024
9025
9026
9027
9028
9029
9030
9031
9032
9033
9034
9035
9036
9037
9038
9039
9040
9041
9042
9043
9044
9045
9046
9047
9048
9050
9051
9052
9053
9054
9055
9057
9060
9061
9062
9063
9064
9065
9066
9067
9069
9070
9071
9072
9073
9075
9076
9077
9078
9079
9082
9084
9085
9086
9087
9089
9090
9092
9093
9094
9095
9096
9097
9098
9099
9100
9101
9103
9104
9105
9106
9107
9108
9109
9110
9111
9112
9113
9114
9115
9116
9117
9118
9119
9120
9121
9123
9124
9125
9128
9129
9131
9133
9134
9135
9136
9137
9138
9139
9140
9141
9143
9144
9146
9147
9149
9150
9152
9153
9154
9155
9156
9157
9158
9159
9160
9162
9163
9164
9167
9168
9169
9170
9171
9173
9174
9175
9176
9178
9180
9181
9182
9183
9184
9186
9187
9188
9189
9190
9191
9192
9194
9195
9197
9200
9201
9202
9203
9204
9205
9206
9207
9209
9211
9212
9213
9214
9215
9216
9217
9218
9219
9220
9221
9222
9223
9226
9227
9228
9229
9230
9231
9232
9233
9234
9235
9236
9237
9238
9239
9240
9241
9242
9243
9244
9245
9247
9248
9249
9250
9251
9252
9253
9254
9255
9257
9258
9259
9261
9262
9263
9264
9265
9266
9267
9268
9269
9270
9272
9273
9274
9276
9277
9278
9279
9280
9281
9282
9283
9284
9286
9287
9290
9292
9293
9295
9296
9297
9298
9301
9302
9303
9304
9305
9306
9307
9308
9309
9310
9311
9312
9314
9317
9318
9319
9321
9324
9325
9326
9327
9328
9331
9333
9334
9335
9336
9337
9338
9339
9340
9341
9342
9343
9344
9345
9348
9349
9350
9351
9352
9353
9354
9355
9356
9357
9358
9361
9362
9363
9364
9366
9367
9368
9369
9370
9371
9372
9373
9374
9375
9376
9377
9378
9379
9380
9381
9384
9385
9386
9387
9389
9390
9391
9392
9393
9395
9397
9398
9399
9400
9402
9403
9404
9405
9406
9407
9408
9409
9410
9411
9412
9414
9415
9416
9417
9418
9419
9420
9421
9422
9423
9424
9425
9427
9428
9430
9431
9432
9433
9434
9435
9437
9438
9439
9440
9441
9442
9443
9444
9445
9446
9447
9448
9449
9450
9451
9452
9453
9454
9455
9456
9457
9459
9460
9461
9463
9464
9465
9466
9467
9468
9469
9471
9472
9473
9474
9475
9476
9477
9478
9480
9481
9482
9483
9485
9486
9487
9488
9490
9492
9493
9494
9495
9496
9497
9498
9500
9501
9502
9503
9504
9505
9506
9508
9509
9510
9511
9512
9513
9514
9515
9516
9517
9518
9519
9520
9521
9522
9523
9524
9525
9526
9527
9529
9532
9533
9534
9535
9536
9537
9538
9539
9540
9541
9542
9543
9544
9545
9546
9548
9550
9551
9553
9556
9557
9558
9559
9560
9561
9562
9563
9564
9565
9566
9568
9569
9571
9572
9573
9574
9575
9576
9577
9579
9580
9581
9582
9583
9584
9585
9586
9588
9589
9590
9591
9592
9593
9594
9596
9597
9598
9599
9600
9601
9602
9603
9604
9605
9607
9608
9609
9610
9611
9612
9613
9614
9615
9617
9619
9620
9621
9622
9623
9624
9625
9626
9627
9628
9630
9632
9633
9634
9635
9637
9638
9639
9640
9642
9643
9645
9646
9648
9649
9650
9652
9653
9655
9656
9657
9658
9659
9660
9662
9663
9664
9665
9666
9667
9668
9669
9670
9671
9672
9673
9674
9675
9676
9677
9678
9679
9680
9681
9682
9684
9685
9686
9687
9688
9689
9690
9691
9692
9694
9695
9696
9697
9698
9699
9700
9703
9704
9705
9707
9708
9709
9710
9711
9712
9713
9714
9715
9716
9718
9720
9721
9722
9724
9726
9727
9728
9729
9730
9731
9732
9733
9734
9735
9736
9737
9738
9739
9740
9742
9743
9744
9747
9748
9749
9750
9751
9752
9753
9754
9755
9757
9758
9760
9761
9762
9763
9764
9766
9767
9768
9769
9770
9771
9772
9773
9774
9775
9776
9777
9778
9779
9780
9781
9782
9784
9785
9786
9787
9788
9789
9790
9791
9797
9798
9799
9801
9802
9803
9805
9806
9807
9808
9809
9810
9812
9813
9814
9815
9816
9817
9818
9819
9822
9823
9824
9825
9826
9827
9828
9830
9831
9832
9833
9834
9835
9838
9839
9840
9842
9845
9846
9847
9848
9849
9850
9852
9853
9854
9855
9856
9857
9858
9859
9860
9861
9862
9865
9867
9868
9869
9870
9871
9872
9874
9875
9877
9878
9879
9880
9881
9882
9883
9884
9885
9886
9888
9889
9890
9891
9892
9893
9894
9895
9896
9897
9900
9903
9904
9906
9907
9908
9909
9910
9911
9912
9913
9914
9915
9916
9918
9919
9920
9922
9923
9926
9927
9928
9931
9933
9934
9936
9937
9938
9939
9940
9943
9944
9945
9946
9947
9948
9949
9950
9951
9952
9953
9954
9955
9956
9958
9959
9960
9961
9962
9963
9964
9966
9967
9969
9970
9971
9973
9974
9975
9976
9977
9978
9979
9980
9981
9982
9984
9985
9986
9987
9988
9989
9990
9991
9992
9994
9995
9996
9997
9998
10000
10001
10002
10003
10004
10005
10006
10007
10009
10010
10011
10012
10013
10014
10015
10016
10017
10018
10020
10021
10022
10024
10027
10028
10029
10030
10031
10032
10033
10034
10035
10036
10037
10038
10039
10040
10041
10042
10044
10045
10046
10047
10049
10050
10052
10054
10055
10056
10058
10059
10060
10061
10062
10063
10065
10069
10072
10073
10074
10076
10077
10078
10079
10080
10082
10083
10084
10085
10086
10087
10088
10089
10090
10092
10094
10095
10096
10098
10102
10103
10104
10105
10106
10107
10108
10110
10112
10113
10114
10115
10116
10118
10120
10121
10122
10123
10124
10125
10126
10128
10130
10131
10132
10134
10135
10137
10138
10139
10140
10141
10142
10143
10144
10146
10147
10151
10152
10153
10155
10156
10158
10159
10160
10162
10163
10164
10165
10166
10167
10168
10169
10170
10172
10173
10174
10175
10177
10178
10179
10182
10183
10184
10185
10186
10188
10189
10190
10191
10192
10193
10194
10195
10196
10197
10198
10199
10200
10201
10202
10203
10204
10205
10206
10207
10208
10209
10210
10211
10212
10213
10216
10217
10218
10219
10220
10222
10223
10226
10229
10230
10231
10232
10234
10235
10236
10237
10238
10239
10240
10241
10242
10243
10244
10247
10248
10249
10250
10252
10253
10254
10255
10256
10257
10258
10259
10260
10261
10263
10264
10266
10267
10268
10269
10270
10271
10272
10273
10274
10275
10276
10277
10278
10279
10281
10282
10283
10284
10286
10287
10288
10289
10290
10291
10292
10294
10295
10296
10297
10298
10299
10300
10301
10302
10303
10304
10305
10306
10307
10308
10309
10310
10311
10312
10313
10314
10315
10318
10320
10321
10322
10323
10324
10325
10326
10327
10329
10330
10331
10333
10335
10336
10337
10338
10339
10340
10341
10342
10343
10344
10345
10346
10347
10348
10349
10350
10351
10352
10354
10355
10356
10357
10358
10361
10362
10365
10366
10367
10368
10369
10371
10372
10373
10374
10376
10377
10378
10379
10380
10381
10382
10383
10384
10385
10386
10388
10390
10391
10392
10393
10394
10398
10399
10400
10401
10402
10403
10404
10405
10406
10407
10408
10409
10410
10412
10413
10414
10415
10416
10417
10418
10419
10420
10424
10425
10426
10428
10429
10430
10431
10432
10433
10434
10435
10436
10437
10439
10440
10441
10442
10445
10446
10447
10449
10450
10451
10452
10453
10454
10455
10456
10457
10458
10459
10460
10461
10462
10463
10465
10466
10467
10468
10469
10470
10471
10472
10473
10474
10475
10476
10478
10479
10480
10481
10482
10483
10484
10485
10486
10487
10488
10489
10490
10491
10492
10493
10494
10495
10497
10498
10499
10500
10501
10502
10503
10504
10505
10506
10507
10509
10512
10515
10516
10517
10518
10519
10520
10521
10522
10523
10524
10525
10526
10527
10528
10529
10530
10533
10534
10535
10536
10537
10538
10539
10540
10541
10542
10543
10544
10545
10548
10549
10550
10551
10552
10553
10557
10558
10559
10560
10561
10562
10563
10564
10565
10568
10569
10570
10573
10574
10576
10577
10578
10579
10580
10582
10583
10584
10587
10588
10589
10590
10591
10592
10593
10594
10596
10597
10598
10601
10602
10603
10604
10605
10606
10607
10610
10612
10613
10614
10615
10616
10618
10619
10620
10621
10623
10624
10625
10626
10627
10628
10629
10630
10631
10632
10633
10634
10635
10636
10637
10639
10640
10641
10642
10643
10644
10646
10647
10648
10649
10650
10652
10653
10654
10655
10657
10658
10659
10660
10661
10662
10663
10665
10666
10668
10669
10672
10673
10674
10675
10677
10678
10679
10680
10681
10682
10684
10685
10686
10690
10691
10692
10693
10694
10695
10696
10697
10698
10699
10700
10701
10702
10705
10706
10708
10709
10710
10711
10712
10713
10715
10716
10719
10720
10721
10722
10723
10724
10725
10727
10728
10729
10730
10731
10732
10733
10734
10735
10736
10737
10738
10739
10740
10741
10742
10743
10744
10746
10747
10749
10751
10752
10753
10754
10755
10756
10757
10758
10759
10760
10761
10762
10763
10764
10765
10766
10768
10770
10771
10772
10773
10774
10775
10776
10777
10778
10779
10781
10782
10784
10785
10787
10788
10789
10790
10791
10793
10794
10795
10796
10799
10800
10801
10804
10805
10806
10807
10808
10810
10811
10812
10813
10814
10815
10816
10817
10818
10819
10820
10822
10824
10825
10826
10828
10829
10830
10832
10834
10835
10836
10837
10838
10839
10840
10841
10842
10843
10844
10845
10846
10847
10849
10851
10852
10853
10854
10855
10856
10857
10858
10859
10860
10861
10862
10863
10864
10866
10867
10868
10869
10872
10873
10875
10876
10877
10880
10881
10882
10884
10885
10886
10887
10888
10889
10890
10891
10892
10893
10894
10895
10896
10897
10898
10899
10900
10901
10903
10906
10907
10908
10910
10911
10912
10913
10914
10916
10917
10918
10919
10920
10921
10922
10923
10924
10925
10926
10927
10929
10930
10931
10932
10933
10934
10936
10937
10938
10939
10941
10942
10944
10945
10949
10950
10951
10953
10956
10957
10958
10959
10960
10962
10963
10964
10965
10966
10967
10968
10969
10970
10971
10972
10973
10975
10976
10977
10978
10979
10980
10984
10985
10986
10993
10994
10997
10999
11000
11002
11004
11006
11007
11008
11009
11010
11012
11013
11014
11015
11016
11017
11018
11020
11021
11023
11024
11025
11026
11028
11030
11031
11033
11034
11035
11036
11038
11039
11040
11041
11043
11044
11045
11046
11047
11048
11049
11051
11053
11055
11057
11058
11059
11061
11062
11063
11064
11065
11066
11068
11069
11071
11072
11073
11074
11076
11077
11078
11079
11081
11083
11084
11085
11086
11087
11088
11089
11090
11091
11092
11093
11095
11096
11097
11098
11099
11100
11101
11102
11105
11106
11107
11108
11109
11112
11113
11114
11116
11117
11118
11119
11120
11121
11122
11123
11124
11125
11126
11127
11128
11129
11130
11131
11132
11133
11134
11135
11136
11137
11140
11141
11142
11143
11144
11145
11146
11147
11148
11149
11150
11151
11152
11153
11154
11155
11156
11157
11158
11159
11160
11161
11162
11163
11164
11165
11166
11167
11168
11169
11171
11172
11173
11174
11176
11177
11180
11181
11182
11183
11184
11185
11187
11188
11189
11190
11191
11192
11193
11194
11196
11197
11198
11202
11203
11204
11205
11206
11207
11208
11209
11210
11211
11212
11214
11215
11216
11217
11218
11219
11220
11221
11222
11223
11225
11227
11228
11229
11230
11231
11232
11233
11234
11236
11238
11240
11241
11242
11243
11244
11245
11246
11247
11248
11249
11250
11252
11253
11254
11255
11256
11257
11258
11261
11262
11263
11264
11265
11266
11267
11268
11269
11270
11271
11272
11274
11276
11277
11278
11279
11280
11282
11284
11285
11286
11287
11288
11290
11291
11292
11293
11294
11295
11296
11297
11298
11299
11300
11301
11302
11304
11305
11306
11308
11310
11311
11312
11313
11314
11315
11316
11318
11319
11320
11321
11322
11324
11325
11326
11327
11328
11329
11330
11331
11332
11333
11334
11336
11337
11338
11339
11340
11341
11342
11343
11344
11346
11347
11348
11349
11351
11352
11353
11354
11355
11357
11358
11359
11360
11361
11362
11363
11365
11366
11367
11368
11369
11370
11371
11372
11376
11377
11378
11379
11380
11382
11383
11384
11385
11386
11387
11388
11389
11390
11391
11393
11394
11395
11396
11397
11398
11399
11400
11401
11402
11405
11406
11407
11408
11409
11411
11413
11414
11415
11416
11418
11419
11420
11421
11422
11423
11425
11426
11428
11429
11430
11431
11432
11433
11434
11435
11436
11437
11438
11439
11440
11441
11442
11444
11447
11448
11450
11451
11452
11453
11454
11455
11456
11458
11459
11460
11461
11464
11465
11466
11467
11469
11471
11472
11474
11475
11476
11477
11480
11481
11482
11483
11484
11485
11486
11488
11489
11490
11491
11492
11493
11494
11495
11496
11497
11498
11499
11500
11501
11502
11504
11505
11506
11507
11508
11509
11510
11511
11513
11514
11516
11517
11518
11519
11521
11523
11524
11525
11527
11528
11529
11531
11532
11533
11534
11535
11537
11538
11539
11540
11541
11542
11543
11544
11545
11546
11547
11549
11550
11551
11552
11553
11554
11555
11557
11559
11560
11561
11562
11563
11564
11565
11566
11567
11568
11569
11570
11571
11573
11574
11578
11579
11580
11581
11583
11585
11587
11590
11591
11592
11594
11595
11596
11597
11599
11600
11601
11602
11603
11604
11605
11606
11607
11608
11609
11610
11611
11612
11614
11615
11616
11617
11618
11619
11620
11621
11622
11625
11626
11627
11628
11629
11631
11632
11633
11634
11635
11637
11639
11640
11641
11642
11643
11644
11645
11646
11648
11650
11651
11652
11653
11654
11655
11656
11657
11658
11659
11660
11662
11663
11665
11666
11667
11668
11669
11670
11671
11672
11673
11675
11676
11677
11678
11679
11680
11683
11684
11686
11687
11688
11689
11690
11691
11692
11693
11694
11696
11697
11698
11699
11701
11702
11703
11704
11705
11706
11707
11708
11709
11710
11712
11715
11716
11717
11718
11719
11720
11721
11722
11723
11725
11727
11728
11729
11730
11733
11735
11737
11739
11740
11741
11743
11744
11745
11746
11747
11748
11750
11751
11752
11753
11754
11756
11758
11759
11760
11761
11762
11763
11764
11765
11766
11767
11768
11770
11771
11774
11776
11778
11779
11781
11782
11783
11784
11785
11786
11787
11788
11789
11790
11791
11792
11794
11795
11797
11798
11799
11800
11801
11803
11804
11805
11806
11807
11808
11809
11810
11811
11812
11813
11814
11815
11816
11817
11818
11820
11821
11822
11823
11825
11827
11828
11829
11831
11832
11833
11834
11835
11836
11837
11838
11839
11840
11842
11843
11844
11845
11846
11847
11848
11851
11852
11853
11855
11856
11857
11858
11861
11863
11864
11865
11868
11870
11871
11872
11873
11874
11875
11876
11878
11879
11880
11881
11882
11883
11884
11886
11888
11889
11890
11893
11894
11895
11896
11897
11898
11899
11900
11901
11902
11905
11906
11908
11909
11910
11911
11912
11913
11914
11915
11916
11917
11918
11919
11920
11921
11927
11928
11930
11931
11932
11933
11936
11937
11938
11939
11942
11944
11946
11947
11948
11949
11950
11952
11953
11954
11955
11956
11957
11958
11959
11960
11961
11962
11963
11964
11965
11966
11967
11968
11969
11971
11972
11973
11974
11975
11976
11977
11978
11979
11980
11982
11983
11984
11985
11986
11987
11988
11990
11991
11992
11993
11994
11995
11996
11998
11999
12000
12001
12002
12003
12004
12005
12006
12008
12010
12011
12013
12015
12017
12018
12019
12021
12022
12023
12024
12025
12026
12028
12029
12030
12031
12033
12034
12036
12037
12039
12041
12043
12044
12045
12048
12050
12051
12052
12053
12054
12055
12056
12058
12059
12060
12061
12062
12064
12065
12066
12067
12068
12069
12070
12071
12073
12075
12076
12077
12078
12079
12080
12082
12083
12084
12085
12086
12088
12089
12090
12091
12092
12093
12095
12096
12097
12098
12099
12100
12101
12102
12103
12104
12105
12106
12107
12109
12110
12112
12113
12114
12115
12116
12117
12118
12119
12120
12121
12124
12125
12126
12128
12130
12131
12132
12133
12134
12135
12136
12137
12140
12141
12142
12143
12144
12145
12146
12147
12148
12149
12150
12151
12152
12153
12154
12155
12156
12157
12158
12159
12160
12161
12162
12163
12164
12165
12167
12168
12169
12171
12174
12176
12177
12178
12179
12180
12182
12183
12184
12185
12187
12188
12190
12192
12193
12194
12195
12196
12197
12198
12199
12200
12201
12202
12203
12204
12205
12206
12207
12208
12210
12211
12212
12214
12215
12216
12217
12218
12219
12220
12221
12222
12224
12225
12226
12227
12228
12229
12230
12232
12233
12234
12236
12237
12238
12239
12240
12241
12242
12243
12244
12245
12246
12247
12248
12249
12250
12253
12254
12255
12258
12260
12261
12262
12263
12264
12266
12267
12268
12269
12270
12271
12272
12275
12277
12278
12279
12281
12282
12283
12284
12285
12286
12287
12288
12291
12292
12293
12294
12296
12297
12298
12300
12301
12304
12305
12306
12307
12308
12309
12310
12311
12312
12313
12314
12315
12316
12317
12320
12321
12322
12323
12325
12326
12331
12333
12335
12336
12337
12338
12339
12340
12342
12343
12345
12346
12347
12348
12350
12351
12352
12354
12355
12356
12358
12360
12361
12362
12363
12364
12365
12366
12368
12370
12373
12375
12376
12377
12378
12379
12380
12381
12383
12385
12386
12387
12388
12389
12390
12391
12392
12394
12395
12396
12397
12398
12400
12401
12402
12404
12405
12406
12407
12408
12410
12411
12415
12416
12417
12418
12419
12420
12421
12422
12423
12424
12426
12427
12428
12429
12430
12431
12432
12433
12435
12436
12437
12439
12441
12443
12444
12448
12449
12450
12452
12454
12455
12456
12457
12458
12459
12460
12461
12462
12463
12464
12465
12466
12468
12470
12471
12472
12473
12475
12477
12478
12480
12481
12482
12483
12484
12485
12486
12488
12489
12490
12491
12492
12493
12494
12495
12496
12497
12498
12500
12501
12502
12503
12505
12506
12507
12509
12510
12511
12513
12514
12515
12516
12517
12518
12519
12520
12521
12523
12524
12525
12526
12527
12528
12529
12530
12532
12533
12534
12535
12536
12537
12538
12539
12540
12541
12542
12543
12544
12545
12546
12547
12548
12549
12550
12551
12552
12553
12555
12556
12557
12558
12559
12563
12564
12566
12567
12568
12569
12570
12571
12572
12573
12574
12576
12577
12578
12581
12583
12584
12585
12586
12587
12588
12590
12591
12593
12594
12596
12597
12601
12603
12604
12606
12607
12609
12610
12611
12612
12613
12614
12615
12616
12617
12618
12619
12621
12622
12623
12624
12625
12626
12627
12629
12630
12631
12633
12634
12635
12636
12637
12638
12639
12640
12641
12642
12643
12644
12645
12647
12648
12649
12650
12651
12652
12653
12654
12655
12656
12659
12661
12662
12663
12664
12665
12668
12669
12671
12672
12673
12674
12675
12676
12678
12679
12680
12681
12682
12683
12684
12688
12689
12690
12692
12694
12695
12697
12698
12700
12701
12702
12704
12705
12706
12707
12708
12709
12710
12711
12712
12713
12714
12715
12717
12718
12719
12720
12721
12722
12723
12725
12726
12727
12731
12732
12733
12735
12736
12737
12738
12740
12741
12743
12744
12745
12747
12748
12749
12750
12752
12753
12754
12755
12756
12757
12758
12759
12760
12761
12765
12767
12768
12769
12770
12771
12772
12773
12774
12775
12776
12777
12778
12779
12780
12781
12782
12784
12785
12786
12787
12788
12789
12791
12792
12793
12794
12795
12796
12797
12798
12799
12800
12801
12802
12803
12804
12805
12806
12807
12808
12811
12812
12813
12815
12816
12817
12819
12822
12823
12824
12825
12826
12828
12829
12830
12832
12833
12834
12836
12837
12838
12840
12841
12842
12843
12844
12845
12846
12847
12848
12849
12850
12851
12852
12854
12855
12856
12857
12858
12859
12861
12863
12864
12865
12866
12867
12868
12869
12870
12871
12872
12873
12874
12875
12876
12877
12878
12880
12881
12882
12883
12884
12887
12888
12889
12890
12891
12893
12895
12896
12897
12898
12899
12900
12901
12903
12904
12905
12906
12907
12908
12909
12910
12912
12913
12914
12917
12919
12920
12922
12923
12924
12926
12927
12928
12929
12930
12931
12932
12933
12934
12935
12936
12937
12938
12939
12941
12942
12943
12944
12945
12946
12947
12948
12949
12951
12952
12953
12954
12955
12957
12958
12960
12961
12962
12963
12964
12965
12967
12968
12969
12971
12973
12974
12975
12976
12977
12980
12982
12983
12984
12985
12986
12987
12988
12991
12993
12994
12995
12996
12997
12998
12999
13000
13001
13002
13003
13004
13005
13006
13009
13011
13012
13013
13014
13015
13016
13017
13019
13021
13022
13023
13024
13026
13027
13029
13030
13031
13033
13034
13035
13036
13037
13038
13039
13040
13041
13042
13043
13044
13045
13046
13047
13048
13049
13050
13051
13053
13054
13055
13056
13057
13059
13060
13061
13062
13063
13064
13065
13066
13067
13068
13069
13071
13072
13073
13075
13076
13077
13079
13081
13082
13083
13084
13085
13086
13087
13088
13089
13090
13091
13092
13093
13094
13095
13096
13097
13098
13099
13101
13102
13103
13104
13105
13106
13107
13108
13109
13111
13112
13114
13116
13117
13118
13120
13121
13122
13123
13125
13126
13127
13128
13129
13131
13135
13136
13137
13138
13139
13140
13141
13142
13143
13144
13145
13148
13149
13150
13151
13153
13154
13155
13156
13157
13158
13159
13160
13161
13162
13163
13164
13165
13166
13167
13168
13170
13171
13172
13173
13175
13176
13177
13178
13179
13180
13181
13183
13184
13185
13187
13188
13190
13191
13193
13194
13196
13197
13198
13199
13200
13201
13202
13204
13205
13207
13208
13209
13211
13212
13213
13214
13215
13216
13217
13218
13219
13221
13222
13223
13224
13226
13227
13228
13229
13230
13232
13234
13235
13236
13237
13238
13239
13240
13242
13243
13244
13245
13246
13248
13249
13250
13251
13252
13253
13254
13255
13256
13258
13259
13260
13261
13262
13263
13264
13265
13266
13267
13268
13271
13272
13273
13274
13276
13278
13279
13280
13281
13282
13283
13284
13285
13286
13289
13290
13293
13295
13296
13299
13301
13303
13305
13307
13308
13309
13310
13311
13312
13315
13316
13317
13318
13319
13320
13322
13323
13324
13325
13326
13329
13330
13331
13332
13333
13335
13336
13337
13338
13340
13341
13343
13345
13346
13348
13351
13352
13353
13354
13355
13358
13359
13362
13363
13364
13365
13366
13368
13369
13371
13372
13373
13375
13376
13378
13379
13380
13382
13383
13384
13385
13386
13387
13388
13390
13391
13392
13393
13394
13395
13396
13397
13398
13399
13400
13402
13403
13406
13407
13408
13409
13410
13411
13412
13413
13414
13415
13416
13418
13419
13421
13422
13425
13426
13427
13428
13429
13430
13432
13433
13434
13435
13436
13437
13438
13439
13440
13441
13442
13443
13444
13445
13448
13449
13450
13451
13452
13453
13454
13455
13456
13457
13458
13459
13460
13462
13464
13468
13469
13470
13471
13473
13474
13475
13477
13478
13479
13480
13481
13482
13483
13484
13485
13486
13491
13492
13494
13495
13496
13497
13498
13500
13501
13502
13503
13504
13505
13506
13507
13508
13509
13510
13511
13512
13513
13514
13518
13519
13520
13521
13522
13523
13525
13527
13528
13529
13530
13531
13533
13534
13535
13537
13538
13539
13540
13541
13542
13543
13544
13545
13547
13548
13550
13552
13553
13554
13555
13556
13557
13558
13559
13560
13561
13562
13563
13565
13567
13569
13570
13571
13572
13573
13575
13578
13579
13580
13581
13585
13586
13587
13588
13590
13591
13592
13593
13594
13595
13596
13597
13598
13599
13600
13602
13604
13605
13606
13608
13609
13611
13612
13613
13614
13616
13617
13618
13620
13621
13623
13624
13625
13626
13627
13628
13631
13632
13633
13634
13635
13636
13638
13640
13641
13642
13643
13645
13646
13648
13649
13651
13652
13653
13654
13655
13657
13658
13660
13661
13662
13663
13665
13666
13667
13668
13669
13670
13671
13673
13674
13675
13676
13677
13679
13680
13681
13682
13683
13684
13685
13687
13688
13689
13690
13695
13696
13697
13698
13699
13701
13702
13704
13706
13707
13709
13713
13714
13715
13716
13717
13718
13721
13722
13723
13724
13725
13726
13727
13728
13730
13731
13732
13733
13734
13736
13738
13741
13742
13744
13745
13746
13747
13749
13750
13752
13753
13754
13755
13756
13757
13758
13759
13760
13761
13762
13763
13764
13765
13766
13767
13769
13771
13772
13773
13775
13776
13777
13778
13779
13780
13781
13783
13784
13786
13787
13788
13789
13791
13792
13793
13794
13795
13797
13798
13799
13801
13802
13804
13805
13806
13808
13809
13810
13812
13813
13814
13816
13817
13818
13819
13820
13822
13823
13826
13827
13829
13830
13831
13832
13834
13837
13838
13840
13841
13842
13844
13846
13847
13848
13849
13851
13852
13853
13854
13855
13856
13857
13860
13861
13862
13863
13864
13865
13866
13867
13868
13870
13873
13874
13875
13876
13877
13878
13879
13880
13881
13882
13884
13885
13887
13890
13891
13892
13893
13895
13898
13899
13900
13901
13902
13903
13904
13906
13907
13908
13909
13910
13911
13912
13914
13915
13917
13919
13920
13921
13923
13924
13925
13926
13927
13928
13929
13932
13933
13934
13936
13938
13939
13940
13942
13943
13944
13945
13946
13947
13948
13950
13954
13955
13957
13959
13960
13961
13962
13963
13964
13965
13966
13967
13968
13969
13970
13971
13972
13973
13974
13975
13976
13977
13979
13980
13981
13982
13983
13984
13985
13986
13987
13988
13989
13990
13991
13992
13993
13995
13996
13998
13999
14000
14003
14005
14006
14007
14008
14009
14010
14011
14012
14013
14014
14015
14016
14018
14019
14020
14021
14022
14023
14024
14025
14026
14029
14030
14031
14032
14034
14035
14036
14037
14038
14039
14040
14041
14045
14046
14047
14048
14050
14051
14053
14056
14058
14059
14060
14061
14064
14065
14066
14067
14069
14070
14071
14072
14074
14075
14078
14079
14080
14081
14082
14083
14084
14085
14086
14087
14088
14089
14090
14091
14092
14093
14094
14095
14097
14098
14100
14103
14105
14107
14108
14109
14110
14111
14112
14113
14114
14115
14116
14117
14118
14119
14120
14121
14122
14124
14125
14127
14128
14129
14130
14131
14133
14134
14135
14136
14137
14138
14141
14142
14143
14144
14145
14147
14148
14149
14151
14152
14153
14154
14156
14157
14159
14160
14161
14162
14163
14164
14166
14167
14168
14169
14170
14171
14172
14173
14174
14175
14176
14178
14179
14180
14181
14182
14183
14184
14185
14186
14188
14189
14190
14191
14192
14193
14194
14195
14196
14197
14198
14199
14200
14201
14203
14204
14205
14206
14207
14208
14209
14210
14211
14212
14213
14214
14215
14217
14218
14220
14221
14222
14223
14224
14226
14227
14228
14229
14230
14231
14233
14234
14235
14237
14239
14240
14241
14242
14243
14244
14245
14246
14247
14249
14250
14251
14252
14254
14255
14257
14258
14260
14261
14262
14263
14264
14265
14266
14267
14268
14269
14270
14271
14272
14273
14274
14276
14279
14280
14281
14282
14283
14284
14286
14287
14288
14289
14290
14292
14293
14294
14296
14299
14300
14301
14304
14306
14307
14308
14311
14312
14314
14315
14316
14318
14320
14322
14325
14326
14327
14328
14330
14332
14333
14334
14335
14336
14337
14338
14340
14341
14342
14343
14344
14345
14346
14347
14349
14351
14352
14354
14356
14358
14359
14362
14363
14365
14367
14369
14371
14372
14373
14374
14375
14376
14377
14378
14380
14381
14382
14383
14384
14385
14386
14387
14388
14389
14390
14392
14393
14394
14395
14396
14397
14398
14399
14400
14402
14403
14404
14405
14406
14408
14410
14411
14413
14414
14416
14418
14419
14420
14421
14422
14423
14426
14427
14428
14429
14430
14431
14432
14434
14435
14436
14437
14441
14442
14443
14444
14445
14447
14448
14449
14450
14452
14453
14454
14455
14456
14457
14458
14459
14460
14463
14464
14465
14466
14467
14469
14470
14471
14472
14473
14475
14476
14477
14478
14479
14480
14481
14482
14484
14485
14486
14488
14489
14490
14493
14495
14496
14497
14498
14499
14500
14501
14502
14503
14504
14505
14506
14512
14515
14517
14518
14519
14520
14522
14523
14524
14525
14526
14527
14529
14531
14532
14533
14534
14535
14536
14537
14540
14541
14542
14543
14545
14546
14548
14549
14552
14553
14554
14555
14556
14557
14559
14560
14561
14562
14563
14565
14567
14569
14570
14571
14572
14573
14574
14575
14576
14577
14580
14581
14583
14585
14586
14587
14588
14589
14590
14593
14594
14595
14596
14597
14598
14599
14600
14601
14603
14605
14606
14607
14608
14609
14610
14611
14612
14615
14616
14617
14619
14620
14621
14622
14623
14625
14627
14628
14629
14630
14631
14632
14634
14637
14639
14641
14642
14643
14645
14646
14647
14648
14649
14650
14652
14653
14654
14656
14657
14658
14660
14661
14663
14664
14665
14669
14670
14672
14673
14674
14676
14677
14678
14679
14680
14681
14682
14683
14685
14687
14688
14689
14691
14692
14693
14695
14696
14697
14698
14700
14701
14702
14703
14704
14705
14706
14707
14708
14709
14710
14711
14712
14713
14714
14715
14717
14718
14720
14721
14722
14725
14726
14727
14728
14730
14731
14732
14733
14734
14735
14736
14737
14738
14739
14741
14742
14744
14745
14746
14748
14749
14750
14751
14752
14753
14754
14755
14756
14759
14760
14761
14762
14763
14765
14767
14770
14772
14774
14775
14778
14779
14780
14781
14782
14783
14784
14785
14786
14788
14789
14790
14791
14792
14793
14794
14795
14796
14799
14800
14801
14802
14803
14804
14807
14808
14809
14810
14811
14812
14813
14815
14816
14817
14818
14819
14820
14821
14822
14823
14824
14825
14826
14827
14828
14829
14830
14832
14833
14834
14835
14836
14838
14840
14841
14842
14844
14845
14846
14848
14849
14850
14851
14852
14853
14854
14855
14856
14857
14858
14859
14861
14862
14863
14864
14865
14866
14867
14868
14870
14871
14872
14873
14874
14880
14881
14882
14883
14884
14885
14886
14887
14888
14889
14890
14891
14892
14893
14894
14895
14897
14898
14905
14907
14908
14909
14910
14911
14912
14913
14914
14916
14918
14920
14921
14922
14923
14926
14927
14928
14930
14931
14932
14933
14934
14935
14936
14937
14938
14939
14940
14943
14944
14946
14947
14949
14950
14951
14952
14953
14955
14956
14957
14958
14959
14960
14963
14965
14967
14970
14971
14972
14973
14974
14975
14976
14977
14978
14979
14980
14981
14982
14984
14986
14987
14988
14989
14991
14992
14993
14995
14996
14997
14999
15000
15001
15002
15003
15005
15006
15007
15010
15011
15013
15014
15015
15016
15018
15019
15020
15023
15024
15025
15027
15028
15029
15030
15031
15035
15036
15037
15038
15039
15040
15041
15042
15043
15044
15045
15046
15047
15048
15049
15050
15051
15052
15056
15057
15058
15059
15060
15065
15066
15069
15070
15072
15074
15076
15077
15078
15080
15081
15083
15085
15086
15087
15088
15089
15090
15092
15094
15095
15096
15097
15099
15100
15103
15105
15106
15107
15108
15109
15110
15112
15113
15114
15115
15116
15117
15118
15119
15120
15121
15122
15123
15124
15125
15127
15128
15129
15130
15131
15132
15133
15134
15135
15136
15137
15139
15140
15142
15144
15145
15146
15147
15150
15152
15153
15155
15156
15158
15161
15162
15164
15165
15166
15167
15168
15169
15170
15171
15172
15173
15174
15175
15176
15177
15178
15180
15181
15184
15190
15191
15192
15193
15194
15196
15197
15198
15199
15200
15201
15202
15203
15204
15205
15206
15207
15209
15210
15211
15212
15213
15214
15215
15216
15217
15218
15220
15221
15222
15226
15227
15228
15229
15230
15232
15233
15234
15235
15236
15238
15239
15240
15243
15244
15245
15248
15249
15250
15251
15252
15254
15257
15259
15260
15262
15263
15264
15265
15267
15268
15269
15270
15271
15272
15273
15274
15275
15277
15278
15279
15280
15282
15284
15285
15286
15288
15289
15291
15292
15293
15294
15295
15296
15297
15298
15299
15300
15301
15303
15304
15305
15306
15308
15309
15310
15312
15313
15315
15316
15318
15319
15320
15321
15322
15324
15325
15326
15327
15328
15329
15330
15331
15332
15333
15335
15336
15338
15339
15340
15341
15342
15344
15345
15346
15347
15348
15349
15350
15352
15353
15354
15355
15356
15361
15363
15364
15365
15367
15370
15373
15374
15375
15376
15377
15378
15380
15381
15382
15383
15384
15385
15386
15387
15388
15390
15391
15393
15394
15395
15396
15397
15399
15400
15401
15402
15403
15405
15406
15407
15408
15409
15410
15411
15412
15414
15415
15416
15417
15418
15420
15421
15422
15424
15425
15426
15427
15428
15429
15430
15431
15432
15433
15435
15436
15438
15439
15440
15441
15443
15444
15445
15446
15448
15449
15451
15452
15453
15455
15458
15460
15462
15463
15464
15465
15466
15468
15470
15471
15472
15473
15474
15476
15477
15478
15480
15482
15484
15485
15486
15487
15488
15491
15492
15493
15494
15495
15496
15497
15499
15500
15501
15503
15504
15505
15506
15507
15510
15511
15512
15513
15515
15516
15518
15519
15521
15522
15523
15525
15526
15527
15528
15529
15530
15531
15532
15533
15535
15537
15539
15540
15541
15544
15545
15546
15547
15548
15550
15551
15552
15553
15554
15555
15556
15559
15560
15561
15563
15565
15566
15567
15568
15569
15570
15571
15572
15573
15574
15575
15577
15578
15579
15580
15581
15582
15583
15584
15585
15586
15587
15588
15589
15591
15592
15593
15594
15595
15596
15597
15598
15600
15603
15604
15605
15606
15607
15608
15609
15610
15612
15614
15615
15617
15618
15619
15620
15622
15623
15624
15625
15626
15627
15628
15631
15632
15633
15634
15636
15638
15640
15641
15644
15645
15646
15647
15648
15649
15650
15653
15654
15656
15659
15660
15661
15662
15663
15664
15665
15666
15667
15669
15670
15672
15673
15674
15675
15676
15677
15678
15679
15680
15683
15684
15686
15687
15688
15689
15690
15692
15693
15694
15695
15696
15697
15698
15700
15701
15702
15703
15704
15705
15706
15707
15708
15710
15711
15714
15715
15716
15717
15718
15719
15720
15721
15722
15723
15724
15725
15727
15728
15731
15732
15733
15734
15735
15736
15737
15739
15740
15741
15742
15743
15745
15746
15747
15748
15749
15750
15751
15752
15754
15756
15758
15759
15761
15762
15765
15766
15767
15768
15769
15770
15772
15773
15774
15775
15776
15777
15780
15781
15782
15783
15784
15785
15786
15787
15788
15789
15790
15792
15793
15794
15795
15796
15797
15802
15803
15804
15806
15808
15809
15811
15812
15813
15814
15815
15816
15817
15818
15822
15823
15824
15825
15827
15828
15830
15831
15832
15833
15835
15836
15837
15838
15839
15840
15842
15843
15844
15845
15846
15847
15848
15849
15851
15853
15854
15855
15856
15859
15860
15861
15862
15864
15865
15866
15867
15868
15872
15873
15874
15875
15876
15878
15879
15880
15881
15882
15883
15884
15885
15886
15887
15888
15889
15891
15892
15893
15894
15895
15896
15897
15898
15899
15900
15902
15903
15904
15906
15907
15909
15910
15911
15915
15917
15918
15919
15920
15921
15922
15923
15924
15925
15926
15929
15932
15933
15934
15936
15937
15938
15939
15941
15943
15944
15945
15946
15947
15948
15949
15952
15955
15956
15957
15958
15959
15960
15961
15962
15963
15964
15965
15966
15967
15968
15969
15971
15972
15973
15974
15975
15977
15979
15981
15982
15983
15984
15985
15987
15988
15989
15990
15991
15992
15996
15997
15998
15999
16000
16001
16002
16004
16005
16006
16007
16009
16010
16011
16012
16014
16015
16016
16017
16018
16021
16022
16023
16024
16025
16026
16027
16028
16030
16031
16032
16033
16034
16035
16036
16037
16038
16040
16042
16044
16045
16047
16049
16050
16051
16053
16056
16058
16059
16060
16061
16062
16063
16065
16066
16067
16068
16069
16070
16073
16075
16077
16078
16079
16080
16082
16084
16085
16086
16087
16088
16089
16091
16092
16093
16094
16095
16097
16098
16099
16100
16101
16102
16103
16104
16105
16106
16107
16108
16109
16110
16111
16112
16113
16115
16117
16118
16119
16120
16122
16124
16126
16127
16128
16131
16133
16134
16136
16137
16138
16139
16140
16141
16142
16143
16144
16145
16146
16147
16148
16149
16150
16152
16153
16154
16155
16156
16157
16158
16159
16160
16162
16163
16164
16165
16166
16167
16168
16169
16170
16171
16172
16173
16174
16175
16177
16178
16182
16183
16184
16185
16187
16189
16190
16191
16192
16196
16197
16198
16200
16201
16202
16208
16211
16213
16215
16218
16219
16220
16221
16222
16224
16228
16229
16230
16231
16232
16233
16234
16235
16236
16238
16239
16240
16241
16242
16243
16245
16247
16248
16249
16250
16251
16252
16253
16254
16260
16261
16262
16264
16267
16268
16270
16271
16274
16275
16276
16277
16278
16279
16280
16282
16283
16284
16285
16289
16290
16293
16294
16295
16296
16297
16298
16299
16300
16302
16305
16306
16307
16308
16309
16311
16314
16315
16317
16318
16319
16320
16321
16323
16324
16327
16328
16329
16330
16331
16332
16335
16336
16337
16338
16341
16343
16345
16346
16347
16348
16349
16350
16351
16352
16353
16354
16355
16357
16359
16360
16364
16365
16366
16367
16368
16369
16371
16375
16376
16377
16378
16379
16382
16383
16384
16386
16387
16388
16389
16392
16393
16394
16395
16397
16398
16399
16400
16401
16402
16403
16405
16406
16410
16411
16412
16413
16414
16415
16416
16417
16418
16419
16420
16421
16422
16424
16427
16428
16429
16430
16431
16432
16433
16434
16435
16436
16438
16439
16440
16441
16442
16443
16444
16447
16448
16450
16451
16453
16454
16455
16456
16457
16461
16463
16465
16466
16468
16469
16471
16473
16475
16476
16477
16478
16480
16481
16482
16484
16487
16488
16489
16490
16491
16492
16493
16494
16496
16499
16500
16501
16502
16503
16504
16505
16506
16507
16508
16509
16510
16511
16513
16515
16516
16517
16518
16519
16520
16521
16522
16523
16524
16525
16526
16528
16529
16531
16534
16535
16536
16538
16539
16540
16541
16542
16543
16545
16546
16547
16548
16549
16550
16551
16556
16558
16559
16560
16561
16562
16563
16565
16566
16567
16568
16569
16570
16572
16573
16574
16575
16576
16577
16579
16580
16581
16583
16586
16587
16589
16590
16591
16592
16593
16594
16595
16598
16599
16602
16603
16604
16606
16607
16609
16610
16612
16613
16614
16615
16617
16618
16620
16621
16622
16624
16625
16626
16627
16628
16629
16630
16631
16632
16635
16637
16639
16640
16641
16642
16643
16644
16647
16648
16653
16654
16655
16656
16657
16659
16661
16662
16665
16666
16668
16670
16672
16673
16674
16675
16676
16677
16679
16681
16682
16683
16684
16686
16687
16688
16689
16690
16691
16692
16693
16694
16695
16696
16697
16698
16699
16700
16701
16703
16705
16706
16707
16708
16709
16710
16712
16713
16716
16717
16719
16720
16722
16723
16724
16725
16727
16728
16731
16732
16734
16735
16738
16739
16740
16741
16742
16743
16744
16746
16747
16748
16751
16752
16753
16754
16755
16756
16757
16758
16759
16760
16761
16762
16764
16765
16766
16767
16769
16770
16771
16772
16773
16775
16777
16778
16779
16782
16784
16786
16788
16790
16793
16794
16796
16798
16799
16800
16802
16803
16804
16805
16807
16808
16809
16810
16812
16813
16814
16815
16818
16819
16820
16821
16823
16825
16826
16827
16828
16829
16833
16834
16836
16838
16839
16840
16842
16844
16845
16846
16847
16849
16850
16852
16853
16855
16856
16859
16860
16863
16864
16865
16866
16867
16870
16871
16873
16874
16875
16876
16877
16878
16879
16880
16883
16884
16888
16890
16893
16894
16897
16898
16899
16901
16902
16904
16905
16906
16908
16909
16910
16911
16912
16913
16914
16915
16916
16917
16920
16921
16922
16923
16924
16926
16928
16929
16932
16933
16935
16936
16937
16938
16939
16940
16941
16943
16944
16945
16946
16947
16952
16953
16954
16955
16956
16958
16960
16961
16963
16964
16965
16966
16967
16968
16970
16971
16973
16974
16975
16976
16978
16979
16980
16981
16982
16983
16984
16985
16986
16987
16988
16989
16991
16993
16996
16998
16999
17000
17002
17003
17004
17005
17006
17008
17009
17010
17011
17013
17015
17019
17020
17022
17023
17024
17027
17028
17030
17031
17032
17034
17038
17039
17040
17041
17043
17044
17045
17046
17047
17049
17051
17052
17055
17056
17058
17059
17060
17061
17062
17064
17065
17066
17067
17068
17069
17070
17071
17072
17075
17076
17077
17078
17079
17081
17082
17083
17084
17085
17086
17087
17088
17089
17090
17092
17093
17094
17096
17097
17098
17099
17100
17101
17102
17106
17107
17108
17109
17110
17111
17112
17113
17114
17115
17117
17118
17119
17120
17121
17122
17125
17126
17128
17129
17130
17131
17132
17133
17134
17135
17140
17142
17143
17145
17146
17149
17150
17151
17152
17154
17155
17156
17157
17158
17161
17162
17163
17164
17165
17166
17167
17168
17169
17171
17172
17173
17174
17175
17176
17177
17180
17181
17184
17185
17187
17188
17189
17190
17191
17192
17193
17196
17197
17198
17199
17200
17201
17203
17205
17206
17207
17208
17209
17210
17212
17213
17216
17218
17219
17220
17221
17225
17227
17228
17230
17231
17232
17234
17235
17236
17237
17238
17239
17240
17241
17243
17244
17245
17247
17248
17249
17252
17253
17257
17258
17260
17261
17262
17263
17264
17265
17266
17267
17268
17269
17270
17271
17272
17274
17277
17278
17279
17280
17281
17284
17285
17287
17289
17290
17291
17292
17293
17294
17295
17296
17297
17298
17299
17300
17302
17303
17304
17305
17307
17310
17311
17312
17313
17314
17315
17316
17318
17319
17320
17321
17322
17323
17324
17325
17326
17328
17331
17333
17334
17336
17338
17340
17342
17344
17345
17346
17349
17350
17351
17352
17353
17354
17355
17356
17357
17358
17359
17360
17363
17365
17366
17367
17368
17369
17370
17372
17373
17374
17375
17376
17377
17378
17380
17382
17384
17385
17387
17388
17389
17390
17391
17393
17394
17395
17396
17397
17399
17401
17403
17404
17405
17407
17410
17414
17415
17416
17420
17422
17424
17425
17426
17427
17429
17430
17431
17432
17434
17435
17437
17438
17439
17440
17441
17443
17444
17445
17447
17448
17450
17454
17455
17456
17457
17458
17459
17461
17462
17463
17465
17466
17467
17470
17471
17472
17474
17476
17477
17479
17480
17481
17482
17483
17484
17485
17486
17487
17488
17489
17490
17491
17492
17494
17495
17496
17497
17498
17500
17501
17503
17504
17506
17507
17508
17509
17510
17511
17512
17513
17514
17515
17517
17519
17521
17523
17524
17525
17526
17527
17529
17530
17531
17532
17533
17534
17535
17537
17538
17539
17540
17541
17543
17544
17545
17546
17548
17549
17550
17551
17553
17554
17555
17556
17557
17558
17560
17561
17562
17563
17564
17565
17566
17568
17571
17572
17573
17574
17575
17576
17577
17580
17582
17583
17584
17585
17587
17589
17590
17591
17592
17593
17594
17596
17597
17598
17599
17600
17601
17602
17603
17604
17605
17606
17607
17608
17609
17610
17612
17614
17616
17617
17620
17621
17622
17623
17624
17625
17628
17629
17631
17632
17633
17635
17636
17637
17638
17639
17640
17641
17642
17643
17644
17645
17648
17649
17650
17651
17652
17653
17655
17656
17657
17658
17659
17661
17663
17664
17666
17667
17668
17669
17670
17671
17672
17673
17675
17676
17677
17679
17680
17683
17685
17686
17689
17690
17691
17693
17695
17696
17697
17698
17699
17700
17701
17703
17704
17708
17710
17711
17714
17715
17717
17720
17721
17722
17723
17724
17725
17726
17730
17732
17733
17735
17736
17738
17739
17740
17742
17743
17745
17746
17748
17749
17750
17751
17752
17754
17755
17756
17758
17759
17760
17761
17762
17763
17764
17765
17768
17769
17770
17773
17774
17775
17776
17778
17779
17781
17782
17784
17785
17786
17787
17788
17789
17790
17791
17792
17793
17794
17795
17796
17797
17799
17800
17801
17803
17804
17805
17806
17807
17809
17810
17811
17812
17814
17815
17818
17820
17821
17822
17824
17825
17826
17827
17828
17829
17830
17831
17832
17833
17834
17835
17836
17839
17840
17843
17844
17845
17848
17849
17852
17853
17854
17855
17856
17857
17860
17861
17863
17864
17865
17867
17868
17869
17872
17873
17877
17878
17880
17881
17882
17883
17884
17885
17886
17887
17888
17891
17892
17896
17898
17899
17900
17904
17907
17908
17910
17914
17915
17917
17918
17919
17920
17921
17923
17924
17925
17926
17927
17928
17929
17930
17931
17932
17933
17934
17935
17936
17938
17939
17940
17942
17943
17948
17950
17951
17952
17954
17955
17957
17958
17959
17960
17961
17963
17964
17965
17967
17968
17969
17970
17971
17972
17973
17974
17975
17977
17978
17981
17982
17983
17985
17986
17987
17991
17994
17997
17999
18000
18001
18002
18003
18004
18005
18006
18007
18008
18009
18011
18013
18014
18016
18017
18018
18020
18021
18022
18023
18024
18025
18028
18029
18030
18034
18035
18036
18037
18038
18040
18041
18042
18043
18044
18046
18047
18048
18049
18052
18053
18054
18055
18056
18057
18058
18059
18060
18064
18065
18066
18068
18069
18071
18072
18073
18074
18075
18076
18077
18078
18080
18082
18083
18084
18085
18086
18087
18088
18089
18090
18091
18092
18093
18094
18095
18097
18098
18099
18100
18101
18103
18105
18106
18107
18108
18109
18112
18113
18114
18115
18116
18117
18118
18119
18120
18121
18124
18125
18126
18130
18131
18132
18133
18134
18136
18137
18139
18140
18141
18142
18143
18144
18145
18146
18147
18148
18149
18150
18151
18153
18154
18155
18156
18157
18158
18160
18162
18163
18164
18165
18166
18167
18168
18169
18170
18172
18173
18174
18175
18176
18177
18178
18179
18180
18182
18183
18184
18185
18186
18187
18188
18189
18191
18193
18194
18195
18196
18197
18198
18199
18200
18202
18203
18204
18205
18206
18207
18208
18209
18210
18211
18212
18213
18214
18216
18217
18218
18220
18221
18222
18223
18229
18230
18232
18233
18234
18235
18236
18237
18238
18239
18240
18241
18243
18244
18247
18248
18250
18251
18252
18253
18254
18255
18258
18259
18261
18263
18264
18266
18267
18268
18270
18271
18274
18275
18276
18278
18280
18282
18284
18285
18287
18288
18289
18290
18291
18295
18296
18299
18301
18303
18305
18306
18307
18308
18309
18310
18311
18313
18315
18316
18318
18319
18320
18322
18323
18324
18326
18327
18328
18329
18331
18333
18334
18335
18336
18337
18343
18344
18346
18347
18348
18349
18351
18352
18353
18354
18356
18357
18358
18359
18362
18364
18368
18369
18370
18374
18375
18376
18377
18378
18379
18381
18382
18383
18385
18387
18388
18389
18390
18391
18392
18393
18394
18395
18396
18397
18398
18401
18402
18403
18404
18405
18407
18408
18409
18410
18411
18412
18413
18414
18415
18416
18417
18418
18420
18421
18422
18423
18424
18425
18426
18427
18430
18431
18432
18433
18434
18435
18436
18438
18440
18443
18444
18445
18447
18448
18450
18451
18452
18453
18455
18456
18457
18458
18459
18460
18461
18462
18463
18464
18465
18466
18467
18468
18469
18470
18471
18472
18473
18476
18477
18479
18480
18483
18484
18485
18486
18487
18488
18489
18492
18493
18494
18496
18498
18499
18500
18503
18504
18506
18507
18508
18509
18511
18512
18513
18516
18517
18518
18519
18520
18521
18522
18524
18525
18526
18527
18530
18531
18533
18534
18535
18536
18537
18538
18539
18540
18541
18542
18543
18544
18545
18546
18547
18548
18549
18550
18551
18552
18553
18554
18555
18556
18557
18559
18560
18561
18562
18563
18564
18565
18566
18567
18568
18569
18570
18573
18574
18575
18576
18577
18578
18581
18582
18583
18586
18587
18588
18589
18591
18592
18593
18594
18595
18597
18600
18601
18605
18606
18607
18608
18609
18610
18612
18614
18615
18616
18617
18618
18622
18623
18624
18626
18627
18630
18631
18632
18633
18637
18638
18639
18641
18642
18643
18644
18645
18646
18647
18648
18650
18652
18654
18655
18656
18657
18658
18659
18660
18661
18662
18664
18666
18668
18670
18671
18673
18674
18675
18676
18677
18678
18680
18682
18683
18684
18685
18687
18689
18690
18691
18692
18693
18694
18695
18698
18700
18702
18704
18705
18706
18707
18708
18709
18710
18712
18713
18714
18715
18716
18717
18718
18721
18722
18723
18724
18725
18726
18729
18730
18732
18734
18735
18736
18737
18738
18739
18740
18743
18745
18746
18747
18748
18749
18750
18751
18752
18754
18755
18756
18757
18758
18760
18761
18763
18764
18765
18766
18767
18769
18770
18772
18773
18774
18775
18776
18777
18778
18779
18781
18783
18785
18786
18788
18790
18791
18792
18794
18795
18797
18798
18800
18801
18802
18804
18805
18808
18809
18810
18811
18813
18814
18816
18817
18818
18820
18821
18824
18826
18827
18828
18830
18831
18833
18834
18835
18836
18837
18838
18839
18840
18843
18844
18845
18850
18853
18854
18856
18857
18859
18861
18862
18863
18864
18865
18866
18867
18868
18869
18870
18871
18873
18874
18877
18879
18880
18881
18884
18886
18887
18889
18890
18892
18894
18895
18896
18897
18898
18900
18901
18902
18904
18905
18907
18909
18910
18911
18912
18913
18915
18916
18919
18920
18921
18922
18924
18926
18927
18930
18931
18932
18933
18934
18935
18936
18937
18939
18941
18942
18943
18944
18945
18946
18948
18949
18950
18952
18953
18954
18955
18957
18958
18959
18960
18961
18964
18966
18967
18970
18971
18973
18974
18975
18979
18980
18981
18982
18983
18984
18985
18986
18987
18988
18989
18990
18991
18992
18993
18995
18997
18998
19000
19001
19002
19003
19008
19011
19012
19013
19014
19018
19019
19020
19024
19025
19026
19027
19028
19030
19032
19034
19036
19037
19038
19039
19040
19042
19043
19044
19046
19047
19048
19049
19050
19051
19052
19053
19055
19056
19058
19059
19060
19061
19062
19065
19066
19068
19070
19072
19074
19077
19079
19080
19081
19083
19084
19086
19087
19088
19089
19090
19092
19094
19095
19096
19097
19099
19100
19101
19102
19103
19104
19106
19107
19108
19109
19110
19111
19113
19114
19115
19116
19119
19120
19121
19122
19123
19124
19125
19126
19128
19129
19130
19132
19133
19135
19138
19139
19140
19141
19142
19143
19145
19146
19147
19148
19149
19150
19151
19152
19153
19154
19155
19157
19158
19159
19163
19166
19167
19168
19169
19170
19172
19173
19174
19175
19176
19177
19178
19181
19182
19183
19184
19185
19186
19187
19189
19192
19193
19194
19195
19196
19197
19200
19201
19204
19208
19209
19210
19211
19212
19213
19214
19215
19216
19217
19218
19220
19221
19222
19223
19225
19226
19227
19228
19229
19231
19232
19233
19234
19235
19238
19239
19241
19242
19243
19245
19246
19247
19248
19249
19251
19252
19253
19254
19255
19258
19260
19261
19262
19263
19264
19265
19266
19267
19268
19269
19270
19271
19274
19275
19276
19278
19280
19281
19282
19283
19284
19285
19287
19288
19290
19292
19293
19294
19296
19298
19300
19301
19303
19304
19305
19306
19307
19308
19309
19310
19312
19313
19314
19315
19317
19318
19320
19321
19322
19323
19324
19325
19329
19330
19331
19332
19333
19334
19335
19336
19337
19338
19340
19342
19344
19345
19346
19347
19349
19350
19351
19352
19353
19354
19355
19356
19359
19361
19362
19363
19364
19365
19366
19368
19370
19373
19375
19379
19381
19382
19383
19386
19387
19388
19389
19390
19392
19395
19396
19397
19398
19401
19402
19403
19404
19405
19406
19407
19408
19409
19410
19411
19413
19417
19418
19420
19421
19423
19424
19425
19426
19427
19428
19432
19434
19435
19438
19441
19442
19444
19446
19447
19448
19449
19451
19452
19454
19455
19457
19458
19459
19461
19463
19464
19465
19466
19468
19470
19471
19473
19474
19478
19480
19481
19482
19483
19484
19486
19488
19489
19490
19492
19494
19495
19498
19499
19500
19501
19503
19504
19505
19506
19507
19508
19510
19511
19515
19516
19517
19518
19521
19522
19524
19525
19527
19528
19529
19530
19531
19533
19534
19535
19536
19537
19538
19539
19541
19543
19544
19548
19549
19551
19552
19553
19555
19556
19557
19558
19559
19560
19561
19562
19564
19565
19566
19567
19568
19569
19570
19572
19573
19574
19576
19577
19579
19580
19581
19583
19584
19586
19588
19591
19592
19593
19594
19595
19597
19598
19599
19600
19601
19603
19604
19605
19606
19611
19612
19613
19615
19619
19620
19622
19623
19628
19629
19630
19631
19632
19633
19635
19636
19638
19639
19643
19644
19645
19646
19649
19650
19651
19652
19653
19654
19655
19658
19659
19660
19661
19662
19664
19667
19668
19669
19670
19671
19672
19673
19674
19675
19677
19678
19680
19681
19682
19684
19685
19687
19688
19690
19691
19692
19693
19694
19695
19696
19697
19698
19699
19700
19703
19704
19705
19707
19708
19710
19712
19713
19715
19716
19717
19718
19719
19720
19722
19723
19724
19725
19726
19727
19729
19730
19732
19733
19735
19739
19740
19742
19743
19745
19747
19748
19749
19752
19753
19755
19757
19760
19763
19765
19766
19767
19768
19769
19772
19773
19775
19776
19778
19781
19783
19784
19785
19786
19787
19788
19789
19792
19793
19794
19796
19797
19798
19800
19802
19803
19808
19809
19810
19813
19814
19815
19816
19818
19820
19822
19823
19824
19825
19826
19827
19829
19830
19831
19833
19834
19835
19839
19841
19843
19844
19845
19848
19849
19850
19851
19855
19856
19857
19859
19861
19865
19866
19867
19868
19869
19871
19872
19873
19874
19875
19878
19881
19882
19883
19886
19887
19888
19889
19890
19891
19892
19893
19895
19896
19898
19899
19900
19902
19903
19908
19911
19912
19913
19914
19915
19916
19918
19919
19920
19921
19922
19923
19926
19927
19930
19934
19936
19939
19941
19942
19943
19945
19946
19947
19949
19950
19951
19952
19953
19954
19956
19957
19958
19959
19960
19961
19962
19963
19964
19965
19969
19973
19974
19976
19977
19978
19980
19981
19982
19983
19984
19987
19988
19989
19991
19992
19995
19996
19997
19998
20000
20001
20002
20004
20005
20006
20007
20009
20010
20011
20013
20014
20016
20017
20018
20021
20022
20023
20025
20027
20028
20029
20030
20031
20032
20034
20035
20036
20038
20040
20042
20043
20044
20045
20046
20048
20049
20050
20051
20052
20053
20056
20058
20059
20060
20062
20063
20064
20065
20066
20067
20068
20069
20070
20072
20073
20074
20075
20076
20077
20078
20085
20086
20087
20089
20090
20091
20094
20097
20098
20099
20100
20101
20102
20103
20104
20105
20106
20109
20110
20111
20112
20113
20114
20115
20116
20117
20120
20121
20122
20123
20125
20126
20128
20129
20130
20132
20134
20135
20138
20139
20140
20143
20144
20146
20147
20149
20151
20152
20153
20155
20156
20158
20159
20160
20161
20162
20165
20166
20167
20168
20169
20170
20171
20172
20173
20174
20178
20179
20180
20181
20182
20183
20184
20185
20186
20188
20189
20191
20192
20193
20194
20195
20196
20197
20199
20201
20204
20205
20207
20208
20209
20212
20213
20214
20216
20218
20219
20220
20225
20226
20227
20228
20230
20231
20232
20233
20235
20236
20238
20239
20243
20245
20250
20253
20254
20255
20256
20257
20260
20264
20265
20266
20267
20269
20270
20271
20273
20274
20275
20276
20277
20279
20280
20282
20284
20285
20286
20288
20290
20292
20293
20295
20296
20297
20302
20304
20306
20307
20308
20309
20310
20311
20312
20314
20315
20316
20317
20318
20319
20321
20322
20323
20326
20327
20329
20330
20331
20332
20333
20334
20335
20336
20338
20340
20341
20342
20343
20346
20347
20348
20351
20352
20355
20356
20357
20359
20361
20362
20363
20364
20365
20366
20367
20368
20370
20374
20375
20377
20378
20379
20380
20382
20384
20385
20391
20394
20395
20396
20397
20398
20400
20403
20404
20406
20407
20408
20409
20411
20412
20413
20414
20415
20416
20417
20420
20421
20422
20424
20425
20427
20428
20430
20431
20432
20433
20434
20438
20439
20440
20441
20442
20443
20444
20446
20447
20450
20452
20453
20454
20455
20457
20459
20460
20461
20464
20465
20466
20467
20468
20469
20470
20471
20472
20473
20475
20476
20477
20479
20480
20481
20482
20483
20484
20485
20487
20488
20489
20490
20491
20494
20495
20496
20498
20499
20500
20501
20502
20503
20504
20505
20506
20507
20508
20509
20510
20511
20512
20513
20514
20516
20518
20519
20522
20523
20524
20527
20529
20531
20532
20533
20536
20537
20538
20539
20541
20542
20543
20545
20547
20549
20550
20551
20552
20554
20555
20557
20559
20560
20561
20563
20564
20567
20569
20570
20571
20572
20573
20575
20576
20579
20581
20583
20585
20586
20587
20588
20589
20590
20592
20593
20594
20596
20598
20599
20600
20604
20606
20607
20608
20609
20610
20611
20612
20613
20614
20615
20616
20617
20618
20619
20620
20621
20623
20624
20627
20629
20630
20631
20632
20633
20634
20635
20637
20639
20641
20643
20644
20645
20646
20648
20649
20651
20652
20653
20655
20657
20658
20659
20660
20661
20662
20663
20664
20665
20666
20667
20668
20670
20671
20672
20674
20675
20676
20677
20678
20679
20680
20682
20683
20684
20685
20688
20690
20692
20693
20695
20696
20699
20701
20702
20703
20706
20707
20708
20711
20713
20714
20715
20716
20717
20719
20720
20722
20723
20724
20725
20726
20727
20728
20729
20730
20731
20732
20733
20735
20736
20737
20738
20739
20741
20742
20743
20744
20747
20748
20749
20750
20751
20752
20753
20754
20755
20756
20757
20758
20759
20762
20763
20764
20765
20766
20767
20768
20769
20770
20771
20772
20773
20774
20775
20776
20777
20778
20779
20780
20781
20782
20783
20784
20785
20788
20789
20790
20791
20792
20794
20795
20796
20797
20798
20800
20801
20803
20804
20807
20808
20809
20810
20814
20815
20816
20817
20818
20819
20821
20822
20823
20825
20826
20827
20828
20829
20832
20833
20834
20836
20837
20838
20843
20844
20846
20847
20849
20850
20851
20852
20854
20855
20856
20857
20858
20863
20864
20865
20866
20868
20869
20871
20872
20874
20875
20876
20877
20878
20880
20882
20884
20886
20887
20888
20889
20891
20892
20893
20894
20895
20897
20899
20901
20904
20905
20906
20908
20910
20911
20913
20915
20916
20918
20921
20922
20923
20924
20926
20929
20930
20932
20933
20934
20935
20937
20938
20939
20940
20941
20942
20945
20946
20947
20948
20950
20951
20952
20953
20954
20955
20956
20957
20959
20960
20961
20965
20967
20968
20969
20970
20971
20972
20973
20974
20975
20976
20978
20979
20980
20983
20984
20987
20990
20991
20994
20996
20999
21000
21001
21003
21004
21006
21008
21009
21011
21013
21015
21016
21018
21019
21021
21022
21024
21025
21026
21027
21030
21033
21034
21035
21036
21038
21039
21040
21041
21042
21043
21044
21046
21047
21048
21049
21050
21052
21054
21055
21056
21057
21059
21061
21062
21064
21066
21068
21070
21072
21074
21076
21077
21078
21079
21080
21081
21083
21084
21085
21087
21088
21090
21091
21092
21094
21095
21096
21099
21100
21101
21102
21103
21104
21105
21106
21107
21108
21109
21110
21111
21112
21113
21114
21115
21116
21117
21118
21119
21121
21122
21123
21124
21125
21126
21127
21128
21129
21130
21131
21132
21134
21135
21136
21137
21138
21139
21141
21142
21143
21144
21145
21146
21148
21149
21152
21153
21154
21155
21156
21158
21160
21163
21164
21165
21166
21167
21169
21170
21171
21172
21173
21174
21176
21177
21179
21180
21181
21182
21183
21184
21185
21186
21188
21189
21190
21192
21193
21194
21197
21199
21200
21201
21202
21204
21205
21206
21207
21209
21213
21214
21215
21216
21217
21218
21219
21220
21221
21223
21226
21227
21228
21231
21232
21233
21234
21235
21236
21237
21238
21239
21241
21243
21245
21246
21248
21249
21250
21251
21252
21253
21254
21255
21256
21257
21258
21259
21260
21261
21262
21263
21264
21265
21267
21268
21270
21274
21276
21278
21279
21281
21282
21284
21285
21286
21288
21289
21290
21292
21293
21295
21297
21299
21300
21301
21303
21306
21307
21308
21309
21311
21312
21314
21316
21317
21318
21320
21322
21323
21325
21327
21329
21330
21332
21333
21334
21335
21337
21339
21341
21343
21344
21345
21346
21349
21350
21353
21354
21356
21358
21359
21360
21362
21365
21368
21369
21370
21371
21373
21374
21377
21378
21380
21381
21382
21384
21387
21388
21389
21391
21394
21395
21396
21397
21398
21399
21400
21402
21403
21405
21406
21409
21410
21412
21414
21415
21417
21419
21420
21421
21422
21426
21427
21428
21429
21431
21432
21433
21434
21435
21436
21439
21440
21442
21443
21444
21446
21449
21450
21451
21452
21453
21454
21459
21460
21461
21463
21464
21466
21471
21472
21473
21475
21477
21478
21479
21482
21483
21484
21485
21486
21487
21489
21490
21492
21495
21496
21497
21498
21500
21502
21503
21504
21505
21506
21507
21510
21511
21513
21516
21517
21520
21527
21528
21530
21531
21532
21533
21534
21535
21537
21538
21539
21540
21541
21542
21546
21547
21548
21549
21551
21553
21556
21559
21560
21561
21562
21563
21564
21566
21567
21568
21569
21571
21572
21573
21574
21575
21576
21577
21578
21579
21582
21583
21584
21585
21587
21588
21589
21590
21592
21593
21597
21599
21600
21602
21603
21604
21605
21606
21607
21608
21610
21612
21613
21614
21616
21617
21618
21619
21620
21621
21622
21623
21628
21629
21630
21631
21632
21633
21634
21635
21637
21638
21639
21640
21641
21642
21643
21645
21646
21647
21648
21649
21650
21652
21654
21655
21656
21657
21658
21660
21661
21662
21664
21665
21666
21668
21670
21671
21672
21674
21676
21678
21680
21681
21682
21683
21684
21685
21689
21690
21691
21692
21693
21694
21695
21696
21698
21700
21701
21703
21704
21705
21708
21710
21711
21712
21714
21715
21716
21717
21719
21721
21722
21727
21730
21731
21733
21734
21735
21736
21737
21738
21739
21740
21743
21744
21745
21746
21747
21748
21750
21751
21753
21754
21755
21756
21758
21759
21760
21761
21762
21764
21766
21767
21768
21769
21771
21772
21773
21775
21776
21777
21778
21779
21780
21782
21786
21789
21792
21793
21798
21799
21800
21801
21804
21805
21806
21808
21809
21810
21811
21812
21813
21814
21815
21816
21817
21818
21819
21821
21822
21823
21825
21826
21827
21828
21831
21832
21833
21835
21838
21840
21842
21843
21844
21845
21846
21848
21849
21850
21851
21852
21853
21854
21856
21857
21858
21859
21861
21864
21867
21869
21870
21871
21873
21875
21876
21877
21878
21879
21880
21881
21883
21884
21886
21888
21890
21891
21892
21893
21894
21895
21896
21899
21900
21901
21902
21903
21907
21909
21910
21912
21914
21916
21917
21919
21921
21922
21926
21928
21929
21930
21931
21933
21934
21935
21936
21938
21939
21941
21943
21945
21946
21948
21949
21950
21951
21952
21954
21955
21956
21957
21959
21960
21962
21963
21964
21965
21966
21968
21970
21971
21972
21973
21974
21976
21977
21979
21983
21985
21986
21988
21989
21990
21991
21992
21993
21994
21995
21998
21999
22000
22001
22002
22003
22004
22005
22006
22007
22009
22013
22014
22016
22019
22021
22022
22023
22024
22025
22026
22027
22028
22030
22031
22032
22033
22034
22035
22036
22037
22038
22039
22040
22041
22043
22044
22046
22048
22049
22050
22052
22053
22054
22057
22060
22062
22063
22064
22066
22067
22068
22070
22071
22072
22076
22077
22080
22081
22082
22084
22085
22087
22088
22089
22090
22091
22093
22094
22095
22096
22098
22099
22100
22101
22103
22104
22105
22107
22108
22109
22112
22113
22114
22115
22116
22117
22120
22121
22124
22125
22126
22127
22128
22130
22131
22132
22133
22134
22135
22136
22139
22141
22142
22143
22145
22147
22149
22150
22151
22152
22153
22156
22157
22158
22159
22162
22163
22164
22165
22166
22167
22168
22169
22171
22172
22174
22175
22176
22179
22181
22182
22183
22184
22187
22188
22191
22193
22194
22195
22196
22200
22205
22206
22207
22212
22213
22214
22217
22218
22219
22222
22223
22225
22226
22230
22232
22233
22234
22235
22236
22237
22238
22240
22241
22242
22244
22245
22246
22247
22248
22249
22250
22252
22253
22254
22255
22257
22258
22259
22262
22263
22265
22266
22267
22268
22270
22273
22274
22275
22277
22281
22282
22283
22284
22285
22286
22287
22289
22290
22291
22292
22293
22294
22295
22296
22299
22300
22301
22302
22304
22305
22306
22307
22308
22309
22310
22313
22315
22316
22317
22318
22319
22320
22321
22324
22325
22326
22327
22328
22329
22330
22333
22334
22335
22336
22337
22338
22339
22341
22343
22344
22347
22351
22353
22355
22356
22358
22359
22360
22362
22368
22369
22371
22372
22373
22374
22375
22377
22379
22380
22381
22382
22383
22384
22385
22386
22387
22389
22391
22392
22394
22395
22396
22397
22398
22399
22402
22405
22408
22409
22411
22412
22413
22415
22416
22417
22418
22419
22421
22423
22424
22425
22426
22428
22430
22431
22432
22433
22434
22435
22437
22439
22440
22441
22442
22443
22445
22446
22447
22448
22449
22450
22451
22452
22456
22458
22459
22460
22461
22463
22464
22465
22466
22467
22468
22469
22470
22471
22472
22474
22475
22476
22477
22478
22480
22481
22482
22484
22485
22486
22487
22491
22492
22494
22495
22496
22497
22498
22499
22501
22502
22505
22506
22509
22510
22512
22513
22514
22515
22516
22517
22518
22519
22521
22522
22523
22524
22525
22526
22527
22528
22530
22532
22533
22534
22536
22537
22538
22541
22542
22544
22545
22546
22550
22551
22555
22556
22557
22558
22559
22561
22562
22564
22565
22567
22569
22570
22572
22573
22575
22576
22578
22579
22580
22581
22582
22583
22584
22585
22588
22589
22590
22591
22593
22595
22596
22598
22599
22600
22602
22604
22605
22606
22608
22609
22610
22613
22618
22621
22622
22624
22625
22626
22627
22628
22629
22630
22631
22632
22633
22634
22636
22637
22641
22643
22644
22645
22646
22647
22648
22649
22650
22651
22654
22655
22657
22659
22660
22661
22662
22663
22666
22670
22671
22672
22673
22674
22675
22676
22677
22678
22679
22682
22684
22685
22686
22687
22690
22693
22695
22696
22698
22699
22700
22703
22706
22707
22709
22710
22711
22713
22715
22716
22717
22718
22721
22724
22725
22728
22729
22730
22731
22732
22735
22736
22737
22738
22739
22740
22741
22742
22743
22744
22745
22746
22747
22748
22749
22753
22756
22757
22759
22760
22761
22763
22765
22766
22767
22770
22771
22772
22773
22774
22775
22776
22777
22778
22779
22780
22782
22784
22786
22787
22788
22789
22790
22791
22793
22799
22800
22802
22804
22805
22806
22807
22809
22811
22812
22814
22815
22816
22817
22819
22820
22822
22823
22824
22825
22826
22827
22828
22829
22830
22832
22833
22834
22835
22838
22839
22840
22841
22842
22845
22846
22847
22848
22854
22855
22856
22857
22858
22861
22862
22863
22864
22865
22866
22867
22868
22869
22870
22871
22872
22873
22875
22876
22877
22879
22880
22881
22882
22885
22887
22888
22889
22890
22891
22892
22893
22895
22897
22898
22900
22901
22903
22904
22905
22906
22907
22908
22910
22911
22912
22914
22918
22921
22922
22924
22927
22928
22929
22930
22931
22934
22935
22936
22937
22939
22940
22941
22942
22943
22944
22945
22946
22947
22948
22952
22953
22955
22956
22957
22958
22960
22962
22963
22965
22966
22967
22968
22969
22970
22973
22974
22977
22980
22981
22982
22983
22984
22985
22986
22988
22990
22991
22992
22993
22994
22996
22997
22998
22999
23000
23001
23002
23003
23004
23007
23008
23009
23010
23011
23012
23014
23016
23017
23021
23022
23023
23024
23025
23026
23027
23028
23029
23030
23032
23034
23037
23038
23040
23041
23043
23044
23045
23046
23047
23049
23050
23057
23058
23059
23060
23061
23064
23065
23066
23067
23070
23073
23075
23077
23079
23081
23082
23083
23084
23085
23086
23087
23088
23092
23093
23094
23095
23098
23099
23101
23102
23103
23104
23105
23106
23107
23109
23110
23113
23114
23116
23117
23119
23120
23122
23123
23129
23130
23133
23134
23135
23136
23137
23140
23141
23142
23143
23144
23145
23146
23150
23152
23153
23154
23155
23156
23157
23158
23159
23161
23163
23164
23167
23168
23170
23172
23173
23174
23175
23177
23180
23181
23182
23183
23184
23185
23186
23187
23189
23190
23191
23194
23195
23197
23198
23199
23200
23202
23204
23205
23206
23208
23209
23211
23212
23213
23214
23215
23218
23219
23220
23221
23222
23223
23225
23226
23227
23229
23232
23233
23235
23237
23238
23239
23240
23241
23244
23245
23246
23249
23250
23251
23252
23254
23255
23256
23257
23258
23259
23260
23261
23262
23263
23264
23267
23268
23269
23270
23271
23272
23273
23274
23275
23277
23278
23279
23280
23282
23283
23284
23285
23286
23287
23288
23290
23291
23294
23295
23297
23299
23301
23302
23303
23304
23307
23308
23310
23311
23312
23314
23315
23316
23317
23318
23320
23323
23324
23325
23326
23327
23329
23330
23331
23335
23336
23339
23341
23342
23343
23344
23346
23348
23349
23351
23353
23354
23356
23358
23360
23361
23367
23368
23369
23371
23373
23374
23377
23378
23379
23380
23381
23383
23384
23386
23387
23388
23389
23391
23394
23396
23397
23398
23399
23400
23402
23405
23407
23408
23409
23410
23412
23413
23414
23419
23421
23423
23424
23425
23426
23428
23429
23431
23435
23436
23437
23438
23439
23442
23443
23444
23446
23447
23448
23449
23450
23451
23452
23454
23456
23459
23465
23466
23468
23469
23470
23471
23472
23474
23475
23477
23478
23479
23481
23482
23483
23484
23485
23487
23489
23492
23493
23494
23495
23497
23498
23501
23502
23505
23506
23507
23508
23509
23510
23511
23512
23513
23517
23520
23521
23522
23523
23525
23526
23530
23531
23532
23533
23535
23536
23538
23540
23542
23543
23544
23546
23547
23548
23551
23553
23556
23557
23559
23560
23562
23563
23564
23568
23570
23571
23572
23573
23579
23580
23581
23583
23584
23585
23586
23587
23589
23592
23595
23596
23597
23598
23600
23601
23604
23605
23606
23607
23608
23611
23613
23614
23615
23618
23619
23620
23622
23626
23629
23630
23631
23632
23636
23637
23638
23639
23640
23641
23644
23645
23647
23648
23649
23650
23651
23653
23655
23657
23658
23661
23662
23663
23664
23665
23666
23668
23669
23672
23674
23675
23676
23677
23678
23679
23680
23681
23683
23684
23685
23686
23690
23692
23693
23695
23697
23698
23699
23700
23702
23703
23704
23706
23708
23709
23713
23716
23717
23719
23720
23721
23722
23723
23726
23728
23729
23730
23732
23733
23734
23735
23736
23737
23739
23741
23743
23744
23746
23747
23748
23750
23751
23752
23753
23756
23757
23758
23759
23762
23763
23764
23767
23768
23769
23770
23772
23773
23774
23775
23776
23777
23778
23779
23783
23784
23785
23786
23787
23791
23792
23793
23794
23795
23796
23799
23800
23801
23804
23805
23806
23810
23812
23814
23815
23816
23819
23820
23821
23822
23823
23825
23826
23829
23830
23831
23832
23833
23834
23835
23836
23837
23838
23841
23842
23843
23845
23846
23847
23848
23849
23850
23851
23853
23854
23855
23856
23857
23859
23860
23862
23864
23866
23868
23870
23871
23872
23873
23874
23875
23877
23879
23883
23884
23886
23887
23890
23891
23893
23895
23896
23897
23898
23900
23901
23903
23906
23907
23908
23909
23910
23912
23913
23914
23915
23917
23918
23919
23920
23922
23925
23926
23927
23928
23929
23930
23934
23935
23936
23937
23938
23940
23941
23944
23945
23949
23950
23951
23952
23954
23956
23958
23959
23962
23963
23964
23966
23967
23968
23970
23971
23975
23977
23978
23980
23981
23982
23985
23986
23987
23989
23991
23994
23996
23997
24000
24001
24002
24004
24006
24007
24009
24010
24012
24013
24014
24016
24019
24020
24021
24022
24023
24024
24025
24026
24027
24028
24029
24030
24033
24034
24036
24037
24038
24039
24040
24041
24043
24046
24047
24048
24049
24050
24051
24052
24053
24054
24056
24057
24059
24060
24061
24062
24063
24064
24066
24072
24073
24075
24076
24077
24078
24079
24080
24081
24082
24083
24084
24086
24088
24089
24091
24092
24093
24094
24095
24096
24098
24101
24102
24103
24105
24109
24110
24112
24113
24115
24116
24118
24119
24121
24122
24123
24124
24125
24126
24127
24129
24132
24133
24136
24137
24138
24140
24141
24142
24146
24147
24148
24149
24150
24151
24153
24154
24155
24156
24157
24161
24162
24163
24164
24165
24167
24170
24171
24173
24175
24177
24179
24180
24183
24184
24185
24186
24188
24191
24192
24193
24194
24195
24197
24198
24199
24200
24201
24203
24204
24205
24206
24207
24209
24210
24214
24217
24218
24219
24220
24221
24222
24223
24224
24226
24228
24229
24230
24231
24233
24234
24235
24236
24237
24238
24239
24240
24241
24242
24244
24245
24246
24249
24250
24251
24253
24254
24261
24262
24263
24265
24266
24268
24270
24272
24275
24276
24277
24278
24279
24280
24281
24284
24285
24288
24289
24290
24291
24293
24295
24296
24297
24298
24300
24302
24303
24304
24305
24307
24308
24309
24310
24311
24312
24314
24315
24316
24317
24318
24319
24320
24322
24323
24326
24328
24329
24330
24331
24332
24333
24334
24335
24336
24337
24339
24340
24341
24342
24344
24346
24347
24348
24349
24350
24351
24353
24354
24355
24356
24358
24360
24363
24364
24365
24366
24367
24368
24369
24370
24372
24373
24374
24375
24376
24379
24380
24381
24382
24383
24384
24385
24386
24387
24389
24390
24391
24393
24395
24396
24397
24401
24402
24403
24407
24408
24409
24411
24412
24413
24414
24416
24419
24423
24424
24425
24426
24427
24429
24434
24435
24437
24438
24439
24440
24443
24447
24448
24450
24453
24455
24456
24458
24459
24460
24461
24463
24464
24468
24469
24470
24471
24479
24480
24481
24482
24485
24486
24487
24488
24489
24490
24491
24493
24495
24496
24497
24499
24501
24502
24504
24505
24507
24508
24509
24510
24512
24513
24514
24515
24516
24517
24519
24521
24526
24527
24528
24529
24530
24531
24533
24534
24535
24536
24537
24542
24543
24544
24545
24546
24547
24548
24550
24551
24553
24554
24555
24556
24557
24559
24560
24561
24562
24563
24564
24566
24568
24569
24571
24572
24573
24574
24575
24576
24577
24578
24579
24580
24581
24582
24583
24584
24586
24587
24589
24590
24591
24593
24596
24597
24598
24600
24602
24603
24604
24605
24606
24608
24609
24612
24613
24621
24622
24624
24625
24628
24632
24633
24634
24635
24637
24638
24639
24640
24642
24644
24646
24647
24651
24652
24654
24655
24656
24657
24658
24659
24660
24661
24662
24663
24664
24665
24666
24668
24669
24670
24671
24672
24674
24675
24676
24677
24678
24679
24681
24685
24687
24689
24690
24691
24693
24694
24695
24698
24699
24701
24708
24710
24713
24714
24715
24716
24717
24719
24720
24721
24722
24723
24724
24725
24726
24727
24728
24729
24731
24732
24733
24734
24735
24737
24738
24740
24742
24744
24745
24746
24747
24749
24751
24752
24755
24756
24757
24758
24759
24763
24764
24765
24766
24770
24772
24773
24775
24776
24777
24779
24780
24781
24782
24783
24784
24785
24787
24790
24791
24792
24793
24794
24795
24797
24799
24801
24802
24804
24806
24807
24810
24811
24812
24813
24815
24816
24818
24820
24821
24822
24824
24825
24826
24828
24829
24830
24831
24832
24833
24834
24836
24837
24839
24842
24843
24844
24847
24848
24850
24851
24852
24853
24854
24855
24856
24858
24860
24862
24863
24864
24865
24866
24867
24868
24869
24873
24874
24875
24876
24878
24879
24881
24882
24883
24886
24887
24888
24890
24891
24893
24894
24897
24899
24900
24903
24904
24905
24907
24909
24911
24912
24917
24918
24919
24921
24923
24924
24927
24928
24930
24932
24934
24935
24937
24938
24939
24940
24941
24944
24946
24947
24948
24949
24952
24953
24954
24956
24958
24959
24960
24963
24964
24965
24966
24968
24972
24973
24974
24976
24977
24978
24979
24980
24981
24982
24983
24986
24987
24988
24990
24991
24992
24993
24995
24998
24999
25000
25002
25003
25004
25005
25007
25010
25012
25014
25015
25016
25018
25020
25023
25025
25026
25027
25028
25029
25030
25032
25033
25034
25036
25037
25041
25042
25043
25044
25045
25047
25048
25050
25052
25053
25054
25055
25056
25057
25058
25060
25062
25063
25064
25065
25066
25067
25068
25070
25072
25073
25074
25075
25076
25077
25078
25079
25080
25081
25082
25083
25084
25086
25087
25089
25091
25092
25093
25094
25095
25096
25097
25098
25100
25101
25103
25104
25105
25106
25108
25111
25113
25114
25115
25117
25119
25122
25123
25124
25125
25127
25128
25129
25130
25131
25132
25133
25134
25136
25137
25140
25141
25143
25144
25145
25146
25147
25148
25149
25152
25153
25155
25156
25157
25158
25160
25161
25162
25165
25167
25168
25170
25171
25172
25173
25174
25175
25178
25181
25182
25183
25185
25186
25187
25192
25193
25194
25195
25197
25198
25199
25201
25204
25206
25207
25209
25210
25212
25214
25215
25216
25217
25218
25219
25220
25221
25223
25224
25225
25227
25228
25229
25230
25231
25232
25233
25234
25237
25241
25243
25244
25245
25247
25249
25250
25252
25254
25255
25257
25258
25259
25261
25262
25264
25265
25273
25274
25276
25277
25278
25279
25280
25281
25282
25283
25284
25285
25286
25287
25289
25291
25292
25293
25294
25296
25297
25299
25300
25303
25304
25305
25306
25307
25310
25311
25312
25314
25315
25318
25319
25322
25324
25325
25326
25328
25329
25331
25333
25334
25338
25339
25340
25341
25342
25343
25344
25346
25347
25348
25349
25350
25351
25352
25353
25354
25358
25362
25363
25364
25366
25367
25368
25371
25372
25374
25376
25377
25378
25379
25382
25383
25385
25386
25388
25389
25391
25392
25393
25394
25395
25396
25397
25399
25400
25402
25405
25407
25408
25410
25411
25412
25413
25416
25417
25419
25420
25423
25424
25425
25426
25427
25428
25429
25430
25432
25434
25436
25437
25438
25439
25440
25442
25445
25446
25449
25450
25451
25453
25455
25456
25457
25459
25460
25462
25464
25465
25466
25467
25468
25469
25470
25471
25472
25474
25477
25478
25481
25482
25483
25487
25489
25490
25492
25493
25499
25500
25502
25503
25504
25506
25507
25508
25509
25510
25513
25514
25516
25517
25518
25519
25520
25521
25522
25524
25525
25526
25527
25528
25530
25531
25532
25534
25536
25537
25539
25542
25543
25544
25545
25546
25547
25548
25549
25550
25552
25553
25555
25556
25558
25559
25561
25563
25564
25565
25566
25567
25568
25569
25570
25571
25572
25573
25574
25577
25580
25581
25582
25583
25584
25585
25586
25587
25588
25590
25591
25592
25593
25597
25598
25599
25600
25602
25605
25609
25611
25616
25617
25618
25619
25620
25621
25624
25626
25627
25628
25629
25632
25633
25637
25640
25643
25644
25645
25646
25652
25654
25656
25658
25659
25661
25662
25663
25664
25666
25667
25670
25672
25674
25675
25676
25679
25680
25681
25682
25685
25688
25689
25690
25692
25693
25695
25697
25698
25700
25701
25703
25704
25705
25707
25708
25709
25710
25711
25712
25714
25715
25716
25718
25719
25720
25721
25722
25723
25724
25726
25728
25729
25730
25731
25733
25735
25736
25737
25738
25739
25741
25742
25744
25749
25750
25752
25753
25754
25756
25759
25761
25762
25763
25764
25766
25768
25770
25771
25772
25773
25774
25776
25779
25780
25781
25786
25787
25788
25790
25791
25792
25793
25794
25795
25797
25798
25804
25805
25806
25807
25810
25812
25814
25816
25817
25819
25821
25822
25823
25824
25825
25826
25827
25828
25830
25831
25832
25833
25834
25835
25836
25838
25839
25841
25842
25844
25848
25849
25850
25851
25852
25854
25856
25857
25858
25860
25862
25863
25864
25866
25868
25872
25874
25875
25876
25878
25880
25881
25882
25883
25884
25885
25887
25888
25889
25890
25891
25893
25896
25898
25899
25900
25901
25902
25903
25905
25908
25909
25910
25911
25912
25913
25914
25917
25918
25919
25920
25923
25924
25926
25927
25929
25930
25931
25932
25933
25936
25939
25940
25941
25943
25944
25946
25948
25949
25950
25953
25957
25958
25961
25962
25964
25966
25968
25969
25971
25972
25974
25975
25976
25977
25986
25988
25989
25991
25992
25994
25996
25997
25998
26000
26001
26002
26003
26004
26005
26006
26007
26008
26010
26012
26013
26014
26018
26019
26021
26022
26023
26024
26025
26026
26027
26029
26030
26031
26032
26033
26034
26035
26037
26039
26040
26042
26043
26044
26047
26050
26052
26053
26054
26055
26060
26061
26062
26063
26065
26067
26068
26069
26070
26072
26074
26075
26077
26078
26079
26080
26084
26087
26089
26091
26092
26094
26096
26097
26098
26099
26101
26102
26103
26104
26107
26110
26111
26112
26115
26119
26122
26123
26124
26126
26127
26128
26129
26131
26132
26134
26135
26137
26138
26139
26140
26141
26143
26144
26146
26148
26150
26151
26153
26155
26156
26157
26158
26161
26162
26163
26164
26166
26167
26170
26172
26173
26174
26177
26178
26179
26180
26182
26183
26185
26189
26190
26191
26192
26193
26194
26195
26196
26197
26200
26202
26205
26206
26207
26208
26209
26211
26214
26215
26216
26217
26218
26222
26224
26226
26228
26230
26231
26234
26236
26237
26241
26242
26243
26246
26247
26248
26250
26252
26253
26254
26257
26258
26259
26260
26263
26264
26265
26266
26268
26270
26271
26273
26275
26277
26280
26281
26284
26287
26288
26289
26290
26293
26294
26297
26298
26299
26301
26302
26303
26305
26306
26307
26308
26310
26312
26314
26315
26316
26317
26320
26321
26322
26324
26325
26326
26327
26328
26331
26333
26334
26336
26338
26339
26340
26341
26342
26343
26344
26345
26346
26348
26349
26350
26352
26353
26354
26355
26357
26358
26363
26365
26366
26370
26372
26373
26375
26380
26381
26382
26383
26386
26387
26388
26389
26392
26395
26396
26397
26398
26401
26403
26404
26405
26406
26407
26408
26409
26410
26412
26418
26419
26421
26425
26427
26428
26429
26432
26434
26436
26437
26439
26440
26441
26442
26443
26447
26448
26450
26453
26454
26456
26458
26462
26463
26464
26466
26469
26471
26472
26473
26475
26477
26479
26482
26483
26484
26486
26488
26490
26491
26492
26493
26496
26498
26501
26502
26503
26506
26508
26510
26512
26513
26514
26515
26516
26517
26519
26520
26521
26525
26526
26527
26530
26531
26532
26533
26534
26535
26536
26539
26540
26541
26542
26543
26544
26546
26547
26548
26549
26550
26551
26552
26554
26555
26556
26557
26558
26561
26564
26565
26566
26569
26570
26571
26572
26574
26576
26577
26578
26579
26582
26583
26584
26585
26588
26591
26593
26595
26596
26599
26600
26601
26606
26608
26609
26612
26613
26615
26616
26617
26619
26620
26621
26622
26624
26628
26629
26634
26635
26640
26641
26642
26643
26644
26646
26647
26649
26650
26651
26652
26653
26654
26655
26656
26657
26659
26661
26666
26667
26669
26671
26674
26676
26678
26679
26681
26683
26684
26685
26686
26687
26688
26690
26691
26696
26698
26699
26701
26702
26703
26704
26705
26706
26707
26708
26709
26710
26711
26714
26715
26716
26718
26722
26723
26724
26727
26729
26731
26733
26734
26737
26739
26740
26746
26747
26748
26750
26754
26755
26756
26758
26759
26760
26762
26763
26764
26765
26766
26767
26768
26770
26772
26774
26775
26777
26778
26779
26782
26783
26784
26785
26788
26790
26791
26793
26799
26802
26804
26805
26806
26808
26809
26810
26811
26812
26814
26816
26817
26818
26820
26821
26823
26824
26825
26831
26832
26834
26837
26838
26841
26842
26843
26845
26846
26849
26850
26852
26854
26857
26858
26859
26860
26862
26863
26864
26865
26868
26869
26872
26875
26876
26878
26879
26880
26882
26884
26886
26887
26889
26891
26893
26894
26895
26896
26897
26898
26899
26900
26901
26902
26903
26907
26909
26910
26912
26914
26917
26918
26921
26923
26925
26926
26927
26928
26929
26930
26931
26932
26933
26934
26937
26939
26940
26943
26944
26946
26949
26950
26951
26952
26954
26955
26956
26957
26961
26963
26964
26965
26966
26967
26969
26970
26971
26973
26974
26977
26978
26982
26984
26985
26988
26989
26990
26992
26993
26994
26996
26997
26998
27000
27002
27005
27006
27007
27008
27010
27011
27012
27015
27016
27017
27018
27020
27021
27022
27023
27024
27028
27030
27031
27032
27034
27035
27036
27041
27043
27044
27045
27048
27049
27050
27051
27053
27054
27056
27059
27060
27062
27064
27065
27066
27067
27070
27072
27073
27078
27079
27080
27082
27084
27085
27086
27087
27088
27091
27092
27095
27097
27099
27102
27104
27106
27107
27109
27110
27114
27116
27117
27118
27119
27120
27121
27122
27123
27124
27126
27127
27128
27129
27130
27132
27134
27135
27136
27139
27140
27141
27142
27143
27146
27150
27151
27153
27155
27158
27160
27163
27164
27167
27169
27172
27179
27180
27181
27183
27187
27188
27189
27190
27191
27193
27194
27197
27198
27200
27201
27203
27204
27206
27209
27210
27211
27212
27214
27217
27218
27219
27221
27222
27223
27224
27225
27226
27227
27228
27229
27230
27232
27233
27237
27238
27240
27241
27242
27243
27245
27247
27248
27253
27254
27256
27263
27264
27265
27266
27271
27273
27276
27277
27279
27280
27281
27283
27286
27290
27291
27292
27293
27294
27298
27300
27301
27302
27303
27304
27308
27310
27312
27313
27314
27317
27318
27320
27321
27323
27324
27325
27327
27328
27329
27330
27332
27335
27336
27337
27338
27341
27344
27345
27346
27350
27351
27352
27354
27355
27356
27358
27359
27360
27362
27363
27365
27366
27367
27370
27371
27372
27373
27374
27376
27379
27380
27381
27382
27383
27384
27385
27386
27388
27389
27390
27391
27392
27393
27394
27395
27396
27398
27401
27402
27403
27404
27405
27406
27409
27410
27412
27415
27416
27418
27419
27420
27421
27423
27424
27425
27427
27432
27433
27434
27435
27436
27437
27438
27439
27443
27445
27446
27447
27449
27450
27451
27452
27453
27454
27458
27460
27462
27463
27466
27467
27469
27470
27472
27475
27477
27478
27480
27481
27482
27484
27485
27486
27487
27489
27491
27494
27498
27500
27502
27504
27507
27509
27510
27512
27517
27519
27520
27521
27522
27525
27526
27528
27530
27531
27532
27533
27534
27535
27536
27538
27539
27540
27543
27544
27545
27546
27548
27550
27551
27553
27556
27557
27558
27560
27562
27563
27565
27567
27568
27570
27571
27572
27574
27577
27578
27582
27583
27584
27588
27590
27593
27595
27596
27597
27599
27600
27601
27602
27604
27607
27608
27609
27610
27613
27614
27619
27620
27623
27624
27625
27626
27629
27630
27631
27632
27633
27634
27635
27636
27639
27642
27643
27646
27647
27649
27650
27651
27652
27653
27657
27659
27661
27662
27664
27665
27666
27667
27668
27669
27670
27671
27673
27674
27675
27676
27680
27682
27683
27687
27690
27692
27696
27697
27699
27700
27701
27702
27703
27704
27707
27710
27712
27713
27714
27718
27720
27721
27723
27724
27725
27726
27727
27730
27731
27732
27734
27735
27736
27737
27738
27739
27741
27742
27743
27744
27745
27746
27747
27748
27749
27751
27753
27754
27755
27756
27757
27758
27762
27764
27765
27766
27768
27769
27770
27771
27775
27778
27780
27781
27782
27784
27786
27788
27793
27794
27795
27796
27797
27803
27805
27808
27809
27811
27812
27815
27817
27819
27820
27821
27822
27823
27824
27825
27826
27827
27828
27830
27832
27833
27836
27837
27840
27841
27843
27844
27845
27846
27848
27849
27850
27852
27853
27857
27858
27860
27861
27862
27863
27864
27866
27867
27868
27869
27871
27876
27877
27878
27879
27882
27885
27889
27891
27893
27894
27895
27896
27897
27900
27902
27903
27904
27905
27906
27907
27908
27910
27911
27912
27915
27916
27917
27918
27920
27921
27922
27923
27926
27927
27928
27929
27930
27931
27932
27934
27935
27936
27938
27942
27945
27946
27948
27949
27950
27952
27953
27955
27958
27959
27960
27964
27965
27966
27968
27969
27971
27973
27974
27976
27978
27979
27980
27984
27986
27987
27988
27989
27991
27995
27996
27997
27998
28000
28001
28003
28005
28007
28008
28009
28011
28012
28013
28014
28016
28020
28022
28024
28025
28026
28028
28031
28032
28033
28037
28039
28041
28043
28044
28048
28049
28051
28052
28053
28054
28055
28056
28057
28058
28062
28064
28065
28066
28067
28069
28070
28071
28072
28073
28074
28076
28078
28079
28080
28082
28085
28086
28089
28091
28092
28095
28097
28098
28099
28100
28103
28105
28106
28107
28109
28110
28111
28112
28113
28115
28118
28121
28122
28124
28125
28130
28133
28136
28140
28141
28142
28147
28148
28149
28151
28154
28155
28156
28157
28158
28161
28162
28163
28165
28169
28170
28171
28173
28174
28176
28177
28178
28180
28183
28185
28186
28187
28188
28189
28190
28191
28192
28193
28198
28200
28201
28203
28206
28207
28210
28211
28214
28215
28217
28218
28219
28221
28222
28224
28225
28226
28227
28228
28229
28230
28233
28234
28236
28238
28239
28240
28241
28242
28243
28244
28245
28246
28247
28248
28249
28250
28252
28253
28254
28256
28257
28258
28259
28260
28261
28262
28263
28265
28268
28273
28274
28276
28278
28279
28280
28282
28286
28288
28291
28292
28293
28295
28296
28297
28298
28299
28300
28302
28304
28306
28308
28312
28313
28314
28317
28318
28319
28320
28323
28327
28328
28329
28330
28331
28334
28335
28336
28338
28340
28341
28342
28343
28346
28348
28350
28352
28354
28356
28358
28359
28360
28365
28367
28368
28370
28372
28377
28378
28380
28382
28384
28385
28387
28390
28391
28392
28393
28394
28395
28396
28399
28400
28401
28402
28403
28404
28405
28406
28407
28408
28409
28410
28412
28413
28414
28416
28417
28421
28425
28426
28427
28428
28429
28430
28434
28439
28440
28442
28443
28444
28445
28446
28447
28448
28449
28450
28451
28454
28456
28457
28458
28459
28460
28461
28463
28464
28465
28466
28468
28469
28470
28471
28472
28474
28475
28476
28477
28481
28482
28484
28486
28487
28488
28492
28494
28495
28496
28497
28498
28500
28501
28502
28503
28504
28506
28507
28508
28509
28510
28513
28514
28515
28516
28519
28520
28521
28522
28526
28528
28530
28532
28534
28535
28536
28538
28539
28541
28543
28545
28546
28550
28551
28552
28554
28555
28556
28557
28561
28562
28564
28565
28567
28568
28569
28572
28573
28574
28575
28578
28579
28583
28586
28587
28588
28592
28594
28595
28596
28598
28599
28600
28606
28607
28608
28609
28610
28617
28620
28621
28622
28624
28625
28627
28628
28631
28633
28637
28639
28640
28641
28644
28647
28649
28650
28651
28659
28660
28662
28663
28665
28666
28667
28669
28670
28671
28673
28674
28675
28676
28677
28678
28679
28681
28685
28686
28687
28689
28690
28691
28692
28694
28695
28699
28700
28701
28702
28704
28705
28706
28707
28709
28711
28712
28713
28714
28715
28717
28718
28719
28721
28722
28723
28726
28727
28728
28729
28731
28732
28733
28736
28738
28739
28741
28742
28746
28750
28751
28754
28755
28756
28758
28759
28760
28761
28762
28763
28764
28765
28766
28767
28769
28770
28771
28772
28773
28774
28776
28777
28778
28782
28786
28789
28790
28791
28792
28793
28794
28797
28799
28802
28803
28805
28807
28808
28810
28812
28813
28815
28816
28817
28819
28820
28822
28825
28826
28829
28830
28831
28833
28835
28837
28838
28839
28840
28846
28847
28849
28852
28853
28854
28855
28857
28862
28864
28867
28868
28873
28874
28876
28879
28880
28881
28882
28883
28885
28886
28887
28889
28891
28892
28893
28894
28895
28896
28898
28899
28900
28901
28904
28905
28906
28908
28909
28910
28911
28913
28916
28917
28919
28920
28921
28924
28926
28928
28931
28932
28934
28935
28936
28938
28940
28941
28942
28943
28945
28946
28949
28953
28954
28955
28956
28957
28958
28961
28962
28964
28966
28967
28969
28970
28971
28973
28974
28975
28976
28978
28979
28981
28983
28985
28988
28990
28991
28992
28994
28995
28996
28997
28998
28999
29000
29001
29005
29006
29007
29008
29010
29013
29014
29015
29017
29018
29020
29022
29025
29026
29029
29031
29032
29033
29037
29038
29039
29040
29041
29044
29045
29046
29047
29050
29051
29053
29055
29057
29058
29059
29062
29064
29066
29069
29070
29071
29072
29074
29075
29077
29078
29080
29081
29082
29085
29088
29089
29090
29091
29092
29093
29094
29095
29096
29097
29099
29100
29101
29102
29103
29104
29105
29106
29110
29112
29113
29115
29116
29118
29120
29121
29122
29123
29125
29127
29128
29131
29136
29138
29139
29140
29141
29142
29144
29145
29146
29149
29153
29155
29157
29158
29160
29161
29162
29164
29165
29166
29168
29169
29170
29171
29172
29174
29176
29177
29178
29179
29180
29182
29183
29190
29191
29193
29195
29199
29201
29202
29203
29206
29207
29208
29210
29211
29212
29213
29214
29216
29217
29219
29221
29223
29229
29231
29233
29234
29236
29238
29239
29243
29245
29246
29248
29249
29252
29253
29256
29257
29259
29260
29262
29264
29265
29268
29269
29270
29272
29273
29275
29279
29281
29282
29283
29284
29285
29286
29287
29288
29289
29292
29293
29294
29295
29296
29297
29298
29299
29302
29303
29304
29306
29308
29309
29310
29311
29313
29314
29315
29316
29317
29318
29320
29321
29327
29328
29329
29330
29331
29332
29333
29334
29337
29342
29344
29345
29346
29347
29350
29351
29353
29356
29357
29358
29360
29363
29368
29369
29370
29371
29372
29375
29377
29378
29379
29380
29381
29382
29384
29385
29386
29389
29391
29392
29394
29395
29397
29398
29403
29404
29407
29408
29409
29410
29412
29413
29415
29419
29420
29421
29422
29424
29425
29426
29428
29429
29430
29433
29434
29435
29436
29437
29438
29439
29440
29441
29442
29445
29446
29447
29448
29449
29450
29451
29452
29454
29456
29457
29458
29459
29460
29463
29464
29465
29466
29469
29471
29472
29473
29474
29477
29478
29479
29482
29485
29487
29490
29491
29492
29493
29494
29495
29496
29500
29501
29502
29505
29506
29507
29508
29509
29510
29512
29516
29517
29518
29520
29525
29526
29527
29528
29529
29531
29533
29535
29537
29538
29539
29541
29542
29545
29548
29549
29550
29551
29552
29553
29554
29556
29557
29559
29560
29562
29563
29564
29566
29567
29569
29571
29572
29573
29574
29575
29576
29577
29579
29581
29582
29584
29586
29587
29588
29589
29591
29592
29593
29594
29595
29596
29601
29602
29606
29607
29608
29609
29611
29612
29615
29616
29617
29618
29619
29620
29621
29622
29625
29627
29629
29631
29635
29636
29637
29638
29639
29640
29642
29643
29646
29647
29648
29649
29650
29651
29653
29655
29656
29657
29658
29659
29663
29665
29666
29667
29669
29672
29674
29677
29678
29680
29681
29682
29683
29684
29685
29686
29687
29688
29689
29690
29693
29694
29695
29696
29697
29699
29701
29703
29707
29709
29711
29712
29713
29714
29715
29717
29723
29725
29726
29728
29730
29731
29732
29733
29734
29735
29738
29745
29746
29748
29749
29750
29752
29753
29754
29755
29758
29760
29761
29762
29763
29764
29765
29768
29771
29772
29774
29775
29776
29778
29780
29783
29784
29785
29786
29787
29789
29793
29794
29796
29797
29799
29800
29801
29802
29804
29806
29808
29809
29810
29811
29812
29813
29815
29817
29818
29819
29820
29822
29824
29827
29828
29830
29831
29832
29833
29834
29839
29842
29843
29844
29845
29847
29850
29851
29853
29854
29855
29856
29858
29859
29860
29861
29865
29867
29868
29869
29872
29875
29877
29878
29879
29880
29881
29884
29887
29889
29890
29891
29892
29893
29895
29898
29900
29901
29903
29904
29905
29906
29907
29908
29910
29912
29913
29916
29918
29919
29921
29924
29925
29926
29927
29929
29933
29935
29938
29939
29940
29941
29952
29954
29956
29958
29959
29961
29962
29963
29964
29965
29966
29967
29969
29970
29971
29972
29973
29975
29976
29977
29978
29979
29980
29982
29985
29986
29988
29991
29993
29995
29997
29998
29999
30003
30004
30006
30007
30008
30009
30010
30012
30015
30016
30017
30018
30021
30022
30023
30027
30028
30031
30033
30034
30035
30036
30037
30038
30039
30040
30043
30045
30046
30047
30049
30052
30053
30054
30056
30057
30059
30060
30062
30064
30066
30067
30068
30069
30071
30074
30076
30078
30081
30084
30086
30087
30088
30089
30090
30091
30092
30095
30096
30097
30098
30101
30102
30104
30106
30107
30108
30111
30113
30114
30116
30117
30118
30119
30121
30122
30123
30124
30125
30126
30127
30129
30132
30134
30135
30137
30138
30139
30140
30141
30142
30143
30145
30146
30147
30148
30149
30150
30151
30152
30155
30156
30157
30162
30163
30164
30171
30172
30173
30177
30179
30181
30182
30183
30184
30185
30186
30187
30188
30189
30191
30192
30195
30196
30197
30198
30202
30203
30204
30205
30207
30208
30211
30212
30214
30215
30217
30219
30220
30222
30223
30226
30227
30230
30231
30235
30236
30237
30238
30239
30240
30243
30244
30245
30246
30248
30249
30250
30251
30252
30253
30254
30255
30258
30260
30261
30262
30263
30264
30265
30269
30272
30274
30276
30278
30279
30282
30284
30287
30290
30291
30292
30294
30295
30296
30298
30299
30300
30304
30306
30308
30310
30311
30314
30315
30316
30318
30319
30320
30323
30324
30326
30327
30328
30329
30330
30331
30332
30333
30334
30335
30337
30346
30347
30349
30353
30355
30357
30358
30359
30360
30362
30363
30364
30366
30367
30368
30369
30370
30371
30373
30377
30378
30379
30382
30383
30385
30386
30390
30391
30393
30394
30396
30397
30398
30399
30401
30402
30404
30405
30406
30407
30408
30410
30411
30412
30413
30415
30417
30419
30420
30421
30422
30423
30427
30431
30433
30434
30436
30437
30439
30441
30446
30451
30452
30455
30456
30457
30458
30459
30462
30463
30465
30466
30467
30470
30471
30473
30474
30475
30477
30479
30480
30481
30483
30484
30486
30487
30488
30489
30490
30491
30493
30494
30495
30496
30497
30498
30500
30501
30503
30505
30506
30508
30509
30510
30511
30512
30513
30514
30515
30516
30517
30519
30520
30521
30523
30525
30527
30529
30530
30532
30533
30535
30537
30538
30539
30542
30543
30546
30550
30551
30553
30557
30558
30560
30561
30562
30563
30564
30565
30567
30568
30569
30570
30571
30575
30576
30580
30581
30584
30585
30586
30587
30590
30591
30592
30593
30594
30596
30598
30599
30600
30603
30604
30605
30606
30607
30610
30614
30616
30618
30619
30621
30622
30623
30626
30628
30630
30632
30634
30635
30637
30638
30640
30641
30642
30644
30647
30650
30651
30653
30655
30656
30658
30659
30662
30663
30667
30668
30669
30670
30672
30673
30674
30675
30676
30682
30684
30687
30688
30690
30691
30692
30695
30696
30697
30700
30701
30705
30710
30711
30713
30714
30715
30716
30717
30718
30719
30720
30723
30724
30725
30727
30730
30731
30733
30735
30738
30740
30742
30743
30744
30745
30746
30747
30748
30749
30750
30751
30753
30755
30756
30758
30760
30761
30762
30763
30764
30765
30768
30773
30774
30775
30776
30778
30779
30782
30784
30785
30787
30788
30790
30792
30794
30797
30798
30799
30800
30801
30803
30804
30805
30807
30810
30812
30813
30815
30816
30817
30820
30821
30822
30823
30824
30825
30827
30828
30834
30835
30837
30838
30840
30841
30844
30847
30848
30850
30851
30857
30858
30859
30860
30861
30862
30863
30864
30867
30869
30870
30871
30872
30873
30874
30875
30876
30879
30882
30883
30885
30887
30888
30889
30893
30894
30895
30899
30900
30901
30903
30906
30907
30909
30910
30911
30912
30913
30914
30915
30916
30917
30918
30919
30921
30922
30923
30924
30925
30927
30928
30930
30931
30932
30933
30935
30937
30939
30941
30942
30944
30946
30948
30951
30952
30953
30954
30955
30956
30957
30958
30959
30962
30964
30965
30966
30968
30969
30971
30972
30973
30974
30976
30977
30982
30986
30987
30988
30990
30991
30993
30994
30995
30996
30998
30999
31000
31003
31005
31007
31009
31010
31011
31012
31013
31015
31016
31024
31025
31028
31030
31032
31034
31036
31038
31039
31040
31042
31043
31047
31049
31051
31052
31053
31054
31055
31057
31058
31059
31062
31063
31066
31071
31073
31074
31075
31076
31079
31082
31083
31084
31085
31086
31088
31090
31091
31092
31095
31097
31098
31100
31101
31103
31104
31105
31106
31107
31108
31109
31111
31113
31114
31117
31118
31119
31123
31126
31127
31128
31129
31130
31133
31134
31135
31136
31137
31138
31141
31142
31143
31144
31147
31149
31150
31151
31152
31153
31154
31155
31156
31157
31158
31167
31168
31169
31172
31174
31178
31179
31180
31181
31182
31183
31184
31185
31187
31188
31189
31192
31193
31195
31197
31198
31199
31204
31205
31207
31209
31210
31212
31213
31216
31217
31218
31219
31224
31226
31228
31229
31230
31233
31236
31238
31240
31241
31242
31243
31244
31245
31247
31249
31251
31253
31255
31256
31257
31258
31259
31260
31265
31266
31267
31268
31269
31270
31271
31273
31275
31276
31277
31279
31281
31284
31285
31286
31288
31291
31294
31296
31299
31300
31301
31302
31303
31304
31310
31311
31312
31313
31314
31315
31317
31318
31319
31321
31324
31325
31326
31327
31328
31329
31330
31334
31335
31337
31338
31340
31341
31343
31344
31346
31347
31348
31349
31350
31351
31352
31354
31355
31358
31360
31363
31365
31367
31369
31371
31375
31376
31378
31379
31381
31384
31385
31388
31390
31391
31392
31397
31401
31402
31403
31404
31405
31409
31410
31411
31413
31415
31416
31417
31418
31419
31420
31423
31424
31427
31428
31430
31431
31432
31433
31434
31435
31436
31437
31439
31440
31441
31442
31443
31446
31448
31449
31451
31453
31456
31457
31460
31461
31462
31465
31466
31467
31470
31471
31474
31477
31478
31479
31480
31483
31484
31488
31489
31490
31491
31493
31494
31495
31498
31500
31502
31504
31505
31508
31509
31510
31511
31513
31514
31515
31516
31517
31519
31520
31522
31524
31526
31528
31529
31530
31531
31532
31534
31540
31541
31542
31543
31544
31546
31547
31548
31550
31552
31558
31559
31561
31562
31563
31564
31572
31573
31574
31575
31581
31582
31584
31588
31589
31591
31593
31594
31595
31596
31597
31600
31603
31604
31606
31607
31609
31610
31611
31612
31613
31615
31617
31619
31621
31622
31625
31626
31627
31629
31633
31634
31636
31637
31639
31640
31641
31643
31644
31645
31647
31648
31649
31650
31651
31652
31655
31656
31659
31660
31661
31662
31663
31665
31671
31672
31673
31674
31676
31677
31679
31683
31686
31687
31690
31692
31693
31694
31699
31701
31703
31705
31706
31708
31710
31711
31712
31713
31717
31718
31719
31720
31721
31723
31724
31725
31728
31730
31731
31732
31733
31734
31735
31736
31739
31740
31747
31749
31750
31752
31754
31756
31760
31762
31764
31765
31766
31768
31769
31770
31776
31777
31779
31781
31784
31785
31788
31789
31790
31791
31792
31795
31797
31799
31800
31801
31802
31803
31805
31808
31810
31811
31813
31816
31820
31822
31824
31826
31829
31833
31838
31841
31846
31847
31849
31852
31854
31855
31856
31857
31858
31859
31860
31861
31862
31867
31868
31869
31871
31872
31874
31875
31877
31878
31879
31881
31882
31883
31884
31886
31887
31888
31890
31891
31896
31899
31901
31902
31904
31907
31909
31910
31911
31913
31915
31917
31918
31919
31920
31923
31924
31927
31930
31931
31935
31936
31938
31939
31941
31942
31947
31948
31949
31950
31951
31952
31955
31957
31958
31959
31961
31966
31968
31969
31971
31972
31973
31974
31975
31976
31977
31979
31982
31983
31984
31985
31986
31987
31988
31989
31992
31994
31995
31996
31997
31998
31999
32000
32001
32002
32003
32004
32006
32007
32009
32010
32011
32015
32016
32017
32022
32023
32024
32025
32026
32029
32031
32032
32034
32035
32037
32039
32040
32041
32043
32044
32045
32048
32049
32050
32052
32053
32054
32058
32059
32060
32061
32062
32065
32066
32067
32068
32071
32074
32076
32080
32085
32087
32088
32089
32090
32091
32092
32093
32094
32095
32096
32097
32099
32102
32104
32107
32110
32112
32113
32114
32115
32116
32117
32118
32119
32120
32121
32122
32125
32127
32128
32129
32130
32131
32133
32135
32137
32139
32141
32142
32144
32145
32146
32147
32150
32153
32154
32156
32157
32158
32159
32163
32166
32167
32168
32170
32174
32175
32176
32179
32180
32182
32183
32184
32187
32189
32190
32191
32193
32194
32195
32201
32205
32207
32208
32210
32213
32216
32218
32219
32223
32224
32225
32226
32228
32229
32230
32231
32235
32236
32237
32238
32239
32241
32242
32243
32245
32246
32248
32249
32250
32251
32253
32254
32255
32256
32257
32258
32260
32261
32262
32263
32267
32270
32271
32272
32274
32275
32277
32278
32279
32281
32282
32283
32284
32285
32286
32287
32288
32289
32290
32291
32293
32294
32296
32298
32300
32303
32304
32306
32308
32313
32314
32315
32317
32318
32319
32320
32321
32323
32325
32327
32328
32329
32331
32332
32335
32336
32337
32338
32339
32341
32342
32344
32345
32346
32348
32351
32352
32354
32358
32359
32364
32365
32366
32367
32368
32370
32371
32372
32374
32378
32379
32380
32381
32383
32385
32387
32388
32390
32391
32394
32396
32404
32410
32411
32412
32413
32414
32417
32418
32419
32420
32422
32424
32425
32427
32428
32432
32433
32434
32435
32437
32439
32441
32442
32445
32447
32449
32450
32453
32454
32455
32457
32459
32460
32462
32467
32468
32469
32471
32472
32473
32476
32477
32480
32483
32485
32487
32488
32489
32495
32497
32499
32500
32501
32504
32507
32508
32509
32512
32516
32517
32520
32524
32525
32530
32537
32540
32542
32543
32544
32545
32549
32550
32551
32554
32555
32556
32559
32560
32561
32563
32565
32566
32569
32570
32573
32574
32577
32579
32581
32582
32584
32585
32588
32589
32590
32591
32595
32597
32602
32603
32604
32606
32607
32608
32609
32611
32612
32613
32614
32615
32616
32620
32623
32624
32626
32627
32631
32634
32635
32638
32641
32645
32646
32647
32651
32652
32653
32654
32655
32656
32657
32658
32659
32661
32662
32663
32664
32665
32666
32668
32671
32672
32673
32674
32675
32678
32680
32681
32685
32687
32689
32690
32692
32696
32699
32703
32709
32710
32711
32713
32714
32715
32717
32718
32720
32721
32722
32723
32725
32726
32727
32728
32729
32732
32735
32740
32743
32744
32746
32749
32750
32752
32754
32757
32760
32765
32767
32768
32769
32770
32772
32773
32774
32776
32777
32780
32781
32783
32784
32785
32787
32788
32790
32791
32792
32795
32796
32797
32798
32800
32801
32802
32804
32805
32810
32811
32813
32814
32818
32819
32820
32821
32822
32823
32825
32826
32828
32829
32832
32833
32834
32835
32836
32837
32839
32841
32843
32844
32845
32847
32849
32850
32852
32853
32854
32856
32857
32863
32865
32866
32871
32872
32873
32874
32875
32877
32878
32879
32880
32881
32882
32883
32886
32887
32889
32891
32892
32893
32894
32895
32896
32898
32902
32903
32905
32907
32909
32910
32911
32913
32914
32915
32916
32917
32918
32920
32921
32923
32924
32925
32927
32928
32931
32934
32939
32940
32941
32942
32943
32944
32945
32946
32947
32949
32951
32954
32956
32957
32958
32959
32961
32962
32964
32965
32966
32967
32968
32969
32970
32971
32972
32974
32975
32977
32979
32982
32983
32988
32989
32990
32994
32995
32996
32997
32998
33001
33002
33005
33007
33009
33010
33011
33012
33017
33023
33024
33025
33026
33027
33028
33029
33030
33031
33032
33033
33034
33036
33037
33038
33039
33040
33041
33045
33049
33051
33053
33056
33059
33060
33063
33064
33066
33067
33068
33069
33070
33072
33073
33074
33075
33078
33079
33083
33086
33087
33088
33089
33091
33093
33094
33095
33101
33102
33105
33107
33108
33109
33110
33111
33113
33114
33116
33118
33119
33120
33121
33122
33124
33125
33126
33129
33131
33135
33138
33139
33140
33142
33145
33146
33147
33148
33149
33152
33153
33154
33155
33158
33159
33160
33164
33165
33166
33167
33168
33170
33171
33172
33174
33178
33179
33180
33182
33185
33188
33189
33191
33192
33194
33195
33196
33200
33204
33205
33208
33210
33211
33212
33213
33214
33216
33217
33218
33219
33220
33224
33226
33229
33230
33231
33233
33235
33236
33240
33241
33244
33245
33248
33249
33250
33251
33252
33254
33256
33259
33260
33263
33264
33265
33266
33268
33269
33271
33272
33273
33274
33276
33277
33283
33284
33285
33286
33287
33289
33290
33292
33293
33295
33298
33300
33301
33302
33303
33304
33305
33306
33308
33309
33310
33311
33312
33313
33314
33318
33319
33320
33323
33324
33326
33330
33331
33332
33333
33334
33335
33336
33337
33338
33340
33341
33342
33343
33344
33345
33347
33349
33350
33351
33353
33354
33355
33356
33358
33359
33360
33361
33362
33363
33364
33365
33366
33367
33371
33373
33376
33377
33380
33382
33385
33386
33388
33389
33393
33395
33396
33400
33401
33403
33408
33413
33416
33418
33419
33420
33423
33429
33430
33431
33433
33435
33439
33440
33441
33442
33443
33445
33447
33448
33449
33450
33451
33452
33453
33455
33458
33461
33462
33465
33466
33467
33468
33470
33472
33473
33474
33476
33479
33481
33484
33485
33486
33489
33490
33493
33494
33495
33498
33499
33501
33503
33504
33508
33509
33510
33513
33514
33515
33516
33518
33519
33521
33524
33528
33531
33532
33534
33535
33536
33537
33538
33539
33544
33545
33546
33550
33552
33554
33555
33556
33558
33559
33564
33565
33567
33570
33572
33573
33575
33576
33577
33578
33579
33580
33582
33583
33585
33586
33587
33589
33591
33593
33594
33595
33599
33601
33602
33606
33607
33608
33609
33611
33612
33617
33619
33621
33622
33625
33631
33632
33633
33634
33635
33640
33641
33642
33643
33647
33649
33652
33654
33655
33657
33659
33660
33664
33667
33669
33670
33671
33673
33676
33679
33680
33681
33683
33684
33685
33686
33687
33691
33692
33694
33697
33699
33700
33702
33706
33708
33710
33711
33712
33713
33714
33715
33716
33718
33719
33720
33722
33723
33724
33730
33731
33732
33733
33734
33735
33739
33740
33741
33742
33744
33745
33746
33749
33750
33752
33753
33754
33756
33757
33759
33760
33761
33762
33763
33764
33765
33767
33768
33769
33770
33771
33774
33776
33778
33779
33780
33781
33782
33783
33784
33787
33788
33790
33791
33793
33794
33797
33799
33800
33801
33802
33805
33810
33812
33814
33817
33818
33820
33822
33825
33826
33827
33828
33829
33830
33831
33832
33836
33842
33844
33847
33848
33849
33850
33852
33853
33855
33857
33858
33861
33865
33866
33868
33869
33871
33872
33873
33877
33880
33881
33883
33886
33887
33891
33893
33899
33900
33901
33902
33905
33907
33910
33911
33912
33914
33915
33916
33917
33918
33920
33921
33922
33928
33930
33931
33932
33933
33935
33936
33939
33940
33944
33945
33948
33949
33950
33951
33952
33953
33955
33956
33957
33958
33960
33967
33968
33969
33970
33971
33972
33973
33974
33975
33979
33980
33983
33984
33986
33987
33989
33990
33991
33992
33993
33994
33995
33996
33997
33998
33999
34004
34005
34007
34012
34013
34015
34016
34017
34018
34019
34020
34021
34022
34023
34024
34027
34028
34030
34032
34033
34034
34036
34037
34038
34040
34042
34043
34044
34045
34046
34047
34048
34051
34054
34057
34059
34062
34063
34065
34068
34071
34073
34074
34075
34077
34078
34082
34085
34086
34091
34094
34096
34097
34098
34099
34101
34103
34105
34106
34107
34108
34109
34110
34111
34114
34117
34122
34123
34124
34125
34126
34130
34131
34133
34134
34135
34136
34139
34144
34145
34146
34147
34150
34153
34154
34156
34157
34163
34164
34165
34169
34170
34171
34172
34173
34174
34176
34178
34180
34185
34187
34188
34189
34191
34192
34196
34198
34199
34200
34201
34204
34207
34209
34210
34212
34215
34217
34218
34219
34225
34227
34228
34232
34233
34234
34235
34236
34237
34238
34242
34243
34244
34245
34248
34249
34250
34254
34255
34256
34257
34258
34259
34260
34261
34263
34264
34265
34267
34268
34271
34272
34274
34276
34282
34283
34288
34292
34293
34294
34296
34298
34299
34300
34301
34303
34305
34308
34310
34311
34312
34313
34315
34316
34317
34318
34319
34320
34322
34325
34326
34327
34329
34330
34334
34337
34338
34339
34343
34344
34346
34347
34351
34353
34356
34359
34360
34361
34367
34369
34371
34373
34374
34375
34376
34377
34378
34380
34382
34383
34385
34386
34387
34388
34389
34392
34393
34395
34396
34403
34404
34405
34406
34407
34410
34412
34414
34415
34416
34418
34419
34420
34421
34422
34425
34426
34427
34429
34430
34431
34432
34433
34437
34439
34440
34441
34444
34445
34446
34451
34455
34457
34459
34460
34462
34463
34464
34465
34467
34468
34470
34471
34472
34473
34474
34475
34479
34480
34482
34487
34489
34492
34493
34494
34495
34498
34500
34501
34503
34506
34507
34508
34510
34512
34517
34519
34520
34521
34522
34523
34526
34531
34532
34533
34534
34535
34537
34538
34539
34540
34541
34542
34543
34546
34547
34548
34549
34555
34556
34557
34558
34560
34563
34564
34565
34566
34568
34569
34572
34573
34574
34576
34577
34579
34580
34583
34584
34585
34586
34588
34589
34590
34591
34593
34595
34597
34600
34601
34602
34603
34605
34606
34609
34613
34615
34617
34620
34621
34622
34624
34625
34627
34628
34632
34635
34636
34639
34643
34644
34646
34647
34648
34649
34652
34653
34656
34657
34659
34661
34663
34664
34666
34667
34668
34669
34670
34671
34672
34674
34675
34677
34678
34679
34682
34684
34685
34690
34691
34693
34695
34697
34699
34707
34709
34711
34713
34716
34719
34724
34725
34727
34728
34729
34736
34738
34740
34742
34745
34746
34747
34748
34753
34755
34756
34761
34762
34765
34766
34768
34771
34772
34773
34774
34775
34776
34777
34779
34780
34781
34786
34787
34790
34793
34795
34797
34802
34805
34806
34807
34808
34809
34810
34811
34812
34813
34815
34816
34817
34822
34825
34826
34827
34828
34830
34831
34832
34833
34841
34842
34843
34844
34846
34848
34852
34854
34855
34856
34858
34860
34866
34867
34869
34872
34873
34875
34876
34878
34879
34880
34881
34885
34886
34887
34888
34890
34891
34893
34895
34896
34897
34898
34900
34902
34904
34905
34906
34907
34909
34912
34915
34916
34917
34918
34919
34920
34923
34924
34927
34929
34932
34933
34934
34935
34936
34937
34938
34939
34940
34941
34942
34943
34948
34950
34951
34952
34955
34958
34961
34962
34965
34966
34973
34978
34980
34982
34987
34990
34992
34993
34995
34997
34998
35000
35002
35003
35005
35007
35011
35012
35013
35015
35016
35018
35020
35022
35027
35032
35034
35035
35036
35037
35039
35040
35041
35044
35045
35047
35050
35051
35052
35055
35057
35058
35059
35061
35062
35067
35072
35073
35074
35075
35076
35078
35080
35081
35082
35085
35086
35087
35088
35091
35092
35093
35094
35096
35098
35099
35100
35102
35104
35106
35107
35108
35109
35114
35116
35119
35121
35122
35124
35125
35126
35128
35130
35131
35133
35134
35136
35138
35140
35141
35142
35143
35144
35145
35146
35148
35149
35150
35152
35154
35155
35156
35157
35161
35162
35163
35164
35165
35166
35168
35169
35170
35172
35173
35174
35175
35177
35178
35179
35181
35183
35184
35185
35186
35188
35189
35190
35191
35195
35196
35197
35203
35204
35205
35208
35209
35210
35214
35216
35218
35219
35221
35222
35224
35225
35226
35228
35229
35231
35232
35234
35235
35237
35239
35240
35241
35242
35244
35247
35250
35251
35254
35258
35259
35260
35261
35262
35264
35265
35270
35271
35272
35273
35274
35275
35276
35277
35281
35282
35283
35286
35288
35293
35296
35298
35299
35300
35302
35307
35308
35311
35312
35317
35318
35319
35320
35324
35325
35326
35327
35329
35331
35334
35335
35336
35337
35338
35339
35340
35342
35343
35344
35346
35348
35355
35356
35358
35359
35360
35363
35364
35366
35369
35372
35374
35375
35378
35383
35386
35387
35390
35391
35393
35395
35398
35399
35400
35401
35402
35404
35406
35407
35408
35409
35414
35416
35419
35420
35422
35424
35425
35426
35427
35433
35435
35436
35442
35443
35444
35446
35448
35451
35452
35453
35454
35455
35456
35459
35461
35462
35463
35464
35466
35467
35471
35472
35473
35474
35475
35476
35477
35479
35481
35482
35483
35488
35490
35493
35494
35495
35496
35497
35498
35504
35506
35509
35510
35511
35514
35515
35516
35519
35520
35523
35525
35528
35529
35530
35531
35532
35533
35538
35539
35541
35542
35543
35544
35545
35546
35547
35550
35551
35555
35556
35557
35558
35559
35560
35562
35564
35569
35571
35575
35576
35577
35583
35584
35585
35588
35589
35590
35593
35594
35595
35599
35600
35602
35603
35604
35605
35606
35608
35609
35612
35614
35617
35619
35620
35621
35622
35623
35625
35629
35635
35637
35638
35639
35640
35642
35643
35644
35647
35649
35652
35653
35655
35657
35658
35662
35664
35668
35670
35671
35672
35673
35674
35677
35678
35679
35680
35682
35685
35686
35687
35688
35689
35691
35692
35693
35694
35698
35699
35700
35701
35702
35704
35705
35706
35709
35711
35712
35715
35716
35718
35719
35723
35725
35726
35727
35728
35729
35732
35733
35734
35735
35736
35740
35742
35746
35747
35748
35751
35752
35755
35758
35759
35761
35764
35765
35766
35767
35769
35771
35772
35774
35775
35776
35778
35779
35780
35784
35786
35787
35789
35790
35795
35796
35798
35800
35801
35803
35809
35810
35811
35815
35817
35819
35821
35822
35824
35825
35826
35832
35836
35837
35838
35840
35841
35842
35843
35844
35845
35846
35848
35849
35851
35852
35853
35859
35862
35863
35865
35867
35869
35870
35871
35872
35873
35874
35876
35877
35878
35880
35881
35882
35883
35885
35886
35887
35888
35890
35891
35893
35894
35895
35896
35898
35901
35907
35908
35909
35911
35912
35913
35914
35915
35916
35917
35920
35922
35923
35925
35927
35929
35930
35931
35932
35934
35935
35936
35937
35938
35939
35940
35943
35945
35947
35948
35950
35956
35958
35959
35960
35961
35962
35967
35969
35970
35971
35972
35974
35977
35978
35979
35980
35981
35983
35985
35988
35990
35994
35995
35996
35997
35998
35999
36002
36004
36007
36009
36012
36013
36014
36015
36016
36017
36018
36022
36023
36025
36026
36027
36028
36032
36034
36035
36036
36039
36040
36042
36044
36045
36049
36050
36053
36055
36059
36064
36065
36066
36070
36076
36078
36079
36084
36089
36090
36092
36097
36098
36102
36105
36106
36113
36118
36119
36121
36123
36127
36129
36131
36137
36139
36140
36141
36144
36145
36146
36147
36148
36149
36150
36151
36153
36154
36156
36157
36158
36162
36164
36166
36167
36168
36169
36170
36171
36176
36180
36182
36185
36189
36192
36193
36195
36196
36197
36205
36207
36208
36210
36211
36212
36213
36214
36219
36220
36221
36222
36223
36224
36225
36228
36229
36230
36231
36233
36234
36235
36237
36239
36244
36246
36249
36251
36252
36254
36256
36260
36261
36265
36268
36271
36272
36274
36275
36277
36280
36283
36284
36288
36289
36290
36295
36296
36297
36299
36300
36301
36303
36306
36307
36311
36312
36313
36314
36317
36319
36320
36324
36325
36328
36330
36331
36332
36333
36334
36335
36336
36339
36346
36347
36348
36349
36352
36353
36354
36359
36361
36363
36364
36365
36366
36367
36369
36370
36371
36375
36376
36377
36379
36381
36383
36386
36388
36390
36391
36393
36397
36398
36400
36401
36403
36405
36406
36409
36412
36414
36416
36421
36422
36423
36425
36426
36434
36435
36437
36438
36439
36441
36442
36445
36448
36449
36450
36452
36453
36456
36457
36459
36460
36461
36462
36463
36464
36465
36467
36468
36471
36472
36474
36475
36478
36479
36480
36482
36483
36487
36489
36490
36491
36492
36495
36496
36497
36500
36501
36510
36513
36515
36516
36517
36520
36521
36526
36527
36529
36531
36534
36535
36536
36537
36540
36541
36544
36545
36546
36547
36549
36552
36555
36556
36557
36560
36561
36563
36565
36566
36569
36576
36577
36579
36583
36584
36586
36588
36589
36590
36592
36593
36594
36596
36597
36598
36599
36600
36601
36602
36606
36607
36609
36610
36612
36615
36616
36617
36619
36620
36623
36624
36626
36627
36628
36630
36632
36634
36636
36637
36641
36642
36646
36647
36650
36652
36655
36660
36662
36665
36667
36670
36673
36675
36676
36678
36679
36680
36683
36684
36685
36686
36687
36688
36690
36693
36695
36699
36702
36703
36706
36707
36712
36715
36719
36721
36722
36723
36724
36725
36729
36730
36733
36734
36737
36741
36742
36744
36746
36748
36749
36751
36760
36763
36765
36767
36769
36774
36775
36777
36780
36781
36783
36784
36785
36786
36790
36791
36793
36794
36795
36797
36799
36800
36801
36802
36803
36804
36809
36810
36811
36812
36813
36814
36817
36819
36823
36824
36828
36831
36833
36834
36836
36838
36840
36841
36844
36845
36846
36847
36850
36853
36855
36856
36861
36862
36863
36865
36866
36867
36875
36877
36878
36879
36881
36885
36886
36890
36891
36892
36893
36894
36895
36897
36898
36899
36900
36901
36902
36903
36904
36906
36907
36908
36909
36910
36912
36913
36915
36919
36920
36923
36924
36925
36927
36928
36931
36932
36933
36934
36935
36937
36940
36941
36942
36943
36944
36945
36947
36949
36951
36953
36956
36958
36959
36960
36961
36962
36964
36965
36967
36969
36971
36973
36974
36975
36979
36980
36981
36982
36983
36984
36986
36988
36990
36993
37001
37002
37003
37004
37006
37008
37011
37012
37013
37014
37017
37019
37022
37023
37024
37025
37027
37028
37029
37033
37034
37036
37038
37040
37041
37042
37043
37047
37048
37049
37051
37052
37054
37056
37057
37060
37062
37063
37064
37065
37066
37067
37069
37070
37072
37073
37075
37076
37077
37078
37079
37085
37087
37088
37090
37092
37093
37094
37096
37098
37099
37101
37103
37104
37107
37109
37111
37112
37113
37115
37116
37119
37121
37122
37125
37126
37127
37129
37130
37132
37135
37136
37138
37140
37142
37147
37149
37151
37152
37153
37154
37157
37158
37159
37160
37162
37164
37166
37167
37168
37169
37170
37171
37172
37174
37176
37177
37178
37179
37180
37182
37183
37185
37186
37191
37194
37197
37198
37200
37201
37202
37203
37205
37207
37208
37212
37214
37216
37217
37220
37221
37222
37223
37224
37225
37229
37230
37232
37233
37235
37237
37242
37247
37250
37253
37254
37257
37259
37260
37263
37265
37266
37267
37270
37271
37273
37274
37276
37280
37281
37282
37288
37289
37291
37292
37294
37296
37298
37299
37300
37302
37303
37306
37307
37308
37309
37310
37311
37314
37315
37316
37317
37319
37321
37323
37328
37331
37332
37334
37335
37336
37338
37339
37343
37347
37351
37354
37356
37357
37358
37359
37360
37363
37364
37365
37366
37367
37368
37371
37374
37378
37380
37381
37382
37384
37385
37388
37389
37393
37395
37396
37397
37398
37401
37403
37404
37416
37417
37418
37421
37423
37424
37428
37429
37430
37431
37434
37435
37436
37437
37441
37442
37443
37445
37446
37447
37448
37451
37452
37455
37456
37457
37458
37459
37460
37461
37462
37463
37465
37467
37471
37473
37474
37475
37476
37477
37481
37485
37487
37488
37490
37491
37493
37496
37497
37498
37502
37504
37506
37508
37514
37515
37516
37525
37526
37527
37529
37531
37532
37534
37536
37537
37539
37540
37543
37546
37549
37550
37554
37556
37557
37561
37562
37563
37564
37566
37569
37570
37573
37584
37586
37589
37591
37592
37595
37597
37600
37602
37603
37604
37606
37608
37612
37613
37614
37616
37617
37618
37619
37621
37622
37629
37630
37631
37633
37634
37635
37637
37640
37641
37642
37643
37646
37647
37652
37653
37655
37656
37657
37658
37660
37662
37664
37666
37667
37668
37670
37671
37673
37675
37676
37677
37679
37680
37681
37683
37684
37685
37686
37687
37689
37694
37695
37699
37700
37701
37704
37705
37707
37708
37709
37710
37713
37714
37715
37716
37721
37722
37725
37726
37727
37728
37729
37730
37733
37734
37735
37737
37738
37739
37740
37741
37742
37744
37746
37747
37751
37753
37754
37755
37756
37759
37761
37762
37763
37764
37768
37770
37771
37774
37775
37779
37780
37781
37792
37794
37795
37796
37797
37799
37800
37803
37804
37805
37806
37807
37809
37811
37812
37813
37817
37818
37819
37820
37823
37826
37827
37828
37831
37832
37836
37837
37843
37844
37847
37848
37849
37850
37852
37853
37854
37856
37868
37871
37874
37877
37879
37880
37882
37884
37885
37886
37887
37888
37889
37890
37892
37894
37895
37897
37899
37904
37907
37908
37909
37910
37911
37912
37914
37915
37916
37919
37920
37922
37923
37924
37928
37934
37935
37936
37937
37938
37942
37943
37944
37945
37946
37951
37954
37955
37956
37961
37962
37963
37964
37965
37967
37968
37970
37972
37973
37974
37975
37978
37980
37982
37983
37984
37986
37987
37989
37993
37994
37995
37996
37997
37998
37999
38001
38002
38003
38004
38005
38008
38010
38012
38016
38018
38024
38026
38029
38030
38032
38033
38036
38038
38041
38042
38043
38044
38049
38050
38058
38059
38061
38063
38066
38067
38068
38069
38070
38072
38073
38074
38075
38076
38079
38081
38082
38083
38084
38085
38086
38088
38089
38090
38094
38095
38096
38097
38098
38099
38100
38103
38104
38105
38107
38112
38116
38117
38124
38125
38126
38127
38129
38130
38135
38136
38137
38138
38139
38141
38143
38144
38145
38146
38147
38148
38149
38152
38155
38157
38158
38167
38169
38170
38171
38172
38175
38176
38177
38181
38182
38184
38185
38186
38187
38188
38190
38191
38192
38195
38196
38198
38199
38202
38203
38204
38205
38207
38208
38209
38211
38213
38214
38215
38220
38224
38225
38226
38227
38228
38236
38237
38238
38240
38242
38243
38245
38247
38248
38249
38251
38252
38256
38257
38259
38264
38266
38267
38269
38274
38275
38276
38278
38279
38280
38281
38282
38283
38284
38285
38287
38292
38293
38299
38300
38301
38302
38303
38304
38309
38314
38316
38318
38319
38320
38321
38323
38325
38327
38329
38331
38333
38334
38335
38339
38343
38344
38345
38346
38347
38348
38349
38351
38353
38356
38358
38360
38361
38363
38364
38365
38367
38369
38371
38373
38374
38375
38378
38380
38381
38383
38384
38385
38387
38389
38390
38391
38394
38396
38397
38399
38400
38401
38402
38403
38406
38407
38408
38409
38411
38420
38422
38423
38425
38428
38430
38432
38433
38434
38435
38436
38438
38445
38447
38449
38450
38451
38453
38454
38456
38460
38462
38463
38468
38469
38470
38472
38473
38479
38480
38481
38483
38486
38488
38489
38490
38491
38495
38498
38503
38507
38508
38511
38512
38514
38515
38516
38517
38519
38520
38521
38522
38523
38528
38531
38532
38538
38540
38545
38549
38550
38551
38553
38555
38556
38557
38558
38562
38563
38564
38566
38568
38569
38570
38572
38573
38577
38580
38581
38583
38584
38585
38586
38587
38589
38591
38592
38593
38594
38597
38598
38604
38606
38607
38608
38609
38610
38613
38619
38620
38621
38622
38624
38625
38627
38628
38634
38636
38637
38640
38641
38642
38643
38645
38647
38649
38650
38651
38652
38655
38656
38657
38658
38661
38662
38666
38667
38668
38669
38671
38672
38673
38676
38677
38679
38681
38684
38685
38686
38688
38694
38695
38698
38700
38703
38704
38706
38708
38710
38712
38714
38715
38718
38725
38726
38728
38729
38731
38732
38733
38734
38737
38738
38739
38743
38749
38753
38754
38755
38756
38757
38758
38759
38761
38762
38764
38766
38768
38770
38773
38775
38776
38782
38783
38785
38786
38787
38788
38789
38790
38791
38795
38797
38798
38799
38800
38802
38803
38807
38808
38810
38813
38816
38817
38818
38821
38823
38826
38827
38829
38830
38831
38832
38836
38837
38838
38839
38841
38844
38845
38854
38855
38857
38860
38862
38864
38866
38868
38870
38872
38873
38874
38875
38876
38877
38880
38883
38884
38885
38886
38888
38889
38891
38892
38896
38899
38901
38903
38905
38906
38910
38911
38913
38915
38921
38923
38930
38932
38934
38935
38936
38939
38942
38943
38944
38946
38952
38956
38957
38958
38961
38962
38964
38965
38968
38971
38972
38976
38978
38980
38981
38982
38983
38984
38985
38986
38987
38988
38989
38993
38998
38999
39000
39002
39003
39005
39006
39008
39011
39012
39016
39017
39018
39019
39021
39023
39025
39026
39028
39029
39030
39031
39033
39034
39035
39039
39040
39041
39043
39044
39045
39046
39047
39048
39049
39051
39052
39054
39056
39059
39062
39063
39064
39065
39067
39070
39071
39072
39073
39074
39078
39082
39084
39087
39094
39095
39096
39098
39099
39100
39103
39105
39106
39107
39108
39109
39110
39111
39114
39116
39118
39119
39121
39122
39125
39126
39128
39129
39132
39134
39135
39136
39137
39138
39139
39140
39141
39142
39144
39145
39146
39147
39149
39150
39151
39155
39161
39163
39164
39165
39170
39174
39175
39176
39177
39180
39184
39185
39187
39188
39190
39192
39193
39194
39195
39196
39198
39202
39204
39209
39210
39213
39214
39215
39219
39220
39221
39223
39226
39229
39231
39232
39234
39235
39236
39237
39238
39239
39240
39241
39242
39244
39245
39248
39249
39250
39251
39254
39255
39257
39258
39259
39261
39262
39263
39266
39269
39270
39273
39275
39277
39281
39282
39284
39286
39287
39289
39291
39292
39293
39294
39295
39299
39300
39301
39302
39303
39306
39308
39311
39313
39314
39315
39317
39321
39323
39326
39328
39330
39331
39332
39334
39335
39336
39338
39340
39341
39345
39347
39348
39350
39352
39354
39355
39356
39357
39358
39359
39360
39361
39364
39366
39378
39379
39380
39382
39383
39388
39390
39391
39393
39394
39395
39396
39397
39399
39402
39405
39407
39410
39411
39412
39413
39415
39417
39420
39421
39422
39424
39426
39428
39429
39430
39431
39432
39435
39437
39438
39439
39440
39441
39442
39443
39445
39446
39450
39456
39457
39460
39464
39465
39467
39470
39472
39476
39478
39480
39481
39482
39484
39485
39487
39488
39489
39492
39494
39495
39499
39500
39502
39505
39506
39507
39508
39510
39511
39512
39513
39514
39515
39516
39520
39523
39525
39527
39528
39529
39530
39531
39536
39539
39540
39542
39544
39547
39549
39550
39551
39552
39553
39557
39559
39563
39564
39565
39566
39567
39569
39570
39571
39572
39574
39577
39578
39579
39581
39582
39583
39585
39586
39587
39588
39590
39594
39597
39599
39602
39604
39611
39612
39615
39617
39618
39619
39621
39622
39623
39626
39627
39629
39633
39634
39635
39636
39637
39639
39642
39643
39644
39645
39646
39647
39652
39653
39654
39655
39657
39661
39664
39668
39671
39672
39673
39674
39675
39677
39678
39681
39685
39686
39687
39689
39691
39692
39698
39700
39701
39703
39704
39706
39707
39708
39714
39716
39717
39718
39720
39721
39725
39726
39727
39728
39736
39737
39739
39740
39741
39742
39743
39745
39746
39748
39749
39750
39751
39752
39753
39754
39755
39756
39758
39759
39761
39762
39764
39766
39770
39771
39773
39774
39776
39778
39781
39783
39784
39787
39788
39792
39793
39795
39796
39797
39799
39805
39806
39807
39809
39811
39812
39813
39816
39817
39818
39821
39823
39824
39827
39831
39834
39835
39839
39840
39842
39844
39845
39846
39852
39854
39855
39856
39857
39858
39859
39865
39866
39867
39870
39875
39876
39881
39886
39888
39893
39895
39902
39903
39904
39905
39907
39909
39912
39914
39916
39919
39920
39923
39924
39926
39927
39928
39929
39930
39931
39935
39937
39942
39943
39944
39945
39949
39950
39952
39953
39954
39957
39961
39962
39964
39965
39968
39970
39972
39973
39975
39976
39978
39979
39980
39982
39983
39984
39986
39988
39989
39991
39992
39996
39998
40004
40007
40008
40012
40014
40016
40026
40027
40028
40029
40032
40034
40037
40038
40040
40049
40050
40056
40057
40061
40062
40063
40064
40065
40066
40068
40070
40071
40072
40073
40075
40079
40080
40082
40084
40086
40088
40090
40092
40093
40096
40097
40098
40099
40101
40102
40104
40106
40107
40108
40111
40112
40116
40118
40119
40121
40123
40124
40125
40129
40130
40132
40134
40135
40138
40139
40143
40144
40146
40148
40149
40152
40153
40155
40156
40157
40158
40161
40162
40166
40168
40171
40173
40174
40175
40179
40181
40182
40183
40186
40188
40189
40192
40193
40197
40198
40199
40201
40202
40203
40204
40207
40212
40213
40214
40216
40219
40224
40225
40226
40227
40229
40230
40233
40235
40237
40239
40240
40246
40249
40250
40251
40252
40253
40258
40260
40263
40264
40271
40273
40275
40276
40278
40284
40289
40290
40292
40293
40295
40297
40300
40302
40303
40305
40307
40309
40310
40311
40314
40317
40321
40324
40327
40328
40329
40330
40332
40336
40337
40338
40339
40341
40342
40343
40344
40345
40346
40348
40351
40352
40353
40354
40355
40356
40357
40358
40361
40362
40365
40368
40369
40370
40372
40373
40374
40376
40378
40380
40381
40384
40385
40386
40387
40388
40390
40391
40392
40396
40397
40398
40399
40401
40403
40404
40406
40408
40409
40410
40412
40413
40414
40417
40419
40420
40423
40425
40428
40429
40431
40432
40435
40440
40443
40447
40450
40451
40452
40453
40454
40455
40457
40459
40461
40465
40468
40469
40470
40474
40475
40476
40477
40478
40479
40480
40481
40482
40485
40486
40488
40489
40490
40491
40493
40494
40495
40497
40499
40500
40501
40502
40503
40504
40505
40506
40507
40509
40510
40513
40516
40518
40523
40525
40527
40528
40530
40532
40539
40541
40544
40547
40549
40551
40552
40554
40555
40559
40561
40562
40563
40565
40568
40569
40572
40573
40575
40578
40580
40583
40584
40588
40589
40591
40593
40594
40598
40599
40600
40602
40609
40610
40611
40612
40613
40614
40619
40622
40623
40624
40627
40628
40630
40631
40632
40634
40635
40640
40641
40642
40643
40645
40646
40648
40650
40652
40653
40655
40656
40657
40664
40666
40667
40670
40671
40672
40675
40677
40678
40679
40681
40683
40684
40687
40693
40698
40699
40701
40702
40707
40711
40712
40713
40715
40716
40717
40718
40719
40720
40721
40724
40726
40727
40729
40730
40732
40733
40734
40737
40741
40745
40747
40748
40749
40751
40754
40758
40759
40760
40761
40763
40764
40767
40769
40773
40782
40784
40785
40786
40787
40788
40789
40790
40791
40793
40798
40799
40802
40803
40808
40812
40813
40814
40816
40817
40818
40819
40823
40826
40827
40829
40831
40832
40834
40835
40838
40839
40840
40845
40846
40848
40851
40852
40853
40855
40856
40858
40861
40863
40864
40868
40870
40874
40876
40878
40879
40885
40887
40889
40890
40891
40893
40895
40896
40899
40900
40901
40904
40905
40906
40908
40909
40912
40916
40917
40919
40920
40922
40923
40928
40929
40931
40933
40937
40940
40941
40942
40945
40949
40950
40951
40952
40953
40954
40956
40957
40958
40961
40967
40968
40969
40973
40977
40978
40979
40980
40982
40983
40987
40988
40993
40995
40996
40998
40999
41001
41005
41006
41009
41010
41012
41015
41016
41019
41020
41022
41024
41026
41028
41029
41031
41034
41036
41039
41040
41042
41043
41046
41047
41050
41052
41054
41055
41056
41058
41060
41061
41062
41065
41066
41067
41068
41069
41075
41076
41077
41078
41080
41081
41082
41086
41087
41088
41089
41090
41095
41096
41100
41108
41114
41115
41119
41120
41122
41125
41126
41127
41129
41131
41132
41133
41135
41138
41139
41140
41141
41142
41144
41145
41146
41147
41150
41151
41152
41153
41155
41156
41158
41159
41160
41161
41163
41165
41166
41167
41169
41170
41171
41173
41178
41179
41180
41182
41183
41185
41190
41191
41192
41197
41204
41205
41208
41209
41211
41212
41213
41217
41219
41220
41221
41222
41223
41228
41229
41230
41231
41232
41233
41234
41239
41244
41247
41248
41251
41255
41256
41257
41258
41259
41260
41261
41262
41265
41266
41267
41269
41270
41271
41272
41274
41275
41276
41278
41279
41280
41282
41286
41288
41289
41290
41291
41292
41293
41295
41298
41302
41304
41306
41307
41313
41314
41315
41318
41320
41325
41326
41329
41332
41333
41334
41336
41339
41340
41341
41343
41345
41347
41353
41355
41358
41359
41360
41361
41363
41364
41365
41366
41368
41372
41375
41376
41378
41382
41386
41388
41391
41392
41396
41397
41400
41402
41403
41405
41407
41411
41412
41413
41414
41416
41419
41423
41424
41427
41433
41434
41437
41439
41443
41445
41446
41451
41453
41454
41455
41457
41458
41459
41462
41463
41467
41468
41476
41478
41479
41480
41484
41487
41489
41490
41491
41493
41495
41496
41497
41500
41501
41502
41504
41505
41506
41507
41508
41509
41510
41511
41512
41513
41514
41521
41523
41525
41530
41532
41534
41535
41536
41538
41539
41542
41545
41547
41548
41549
41550
41551
41553
41554
41556
41557
41559
41560
41561
41563
41564
41565
41568
41569
41571
41572
41575
41577
41578
41579
41584
41586
41587
41589
41590
41592
41594
41596
41600
41603
41605
41609
41613
41614
41615
41618
41624
41625
41626
41627
41630
41632
41633
41634
41636
41638
41641
41642
41643
41646
41647
41650
41652
41653
41654
41655
41658
41659
41662
41663
41664
41665
41666
41667
41669
41670
41671
41674
41676
41679
41680
41683
41687
41689
41692
41696
41698
41699
41700
41701
41702
41703
41705
41706
41707
41712
41713
41714
41716
41717
41720
41722
41724
41727
41728
41729
41730
41734
41738
41741
41743
41750
41751
41753
41755
41760
41769
41774
41776
41777
41778
41779
41780
41783
41784
41786
41789
41790
41791
41792
41793
41794
41795
41799
41801
41803
41804
41805
41807
41808
41809
41813
41814
41815
41816
41820
41824
41827
41829
41830
41831
41834
41836
41839
41843
41847
41848
41849
41850
41851
41853
41854
41855
41858
41861
41863
41864
41866
41867
41868
41871
41872
41874
41876
41877
41878
41879
41882
41883
41884
41888
41891
41896
41898
41899
41900
41902
41904
41906
41907
41908
41909
41910
41912
41913
41915
41916
41919
41920
41921
41924
41925
41926
41928
41929
41930
41931
41932
41933
41935
41936
41939
41942
41943
41944
41945
41947
41952
41954
41955
41957
41959
41960
41963
41964
41965
41966
41972
41973
41974
41975
41977
41978
41979
41984
41986
41992
41997
42000
42001
42003
42004
42007
42012
42016
42019
42020
42021
42023
42024
42027
42029
42032
42033
42041
42042
42045
42046
42049
42051
42052
42053
42054
42055
42057
42058
42060
42061
42065
42068
42069
42070
42071
42072
42078
42079
42080
42082
42086
42088
42092
42093
42095
42098
42100
42103
42105
42106
42107
42108
42109
42115
42116
42118
42119
42120
42122
42125
42126
42127
42128
42132
42133
42136
42139
42140
42143
42149
42151
42152
42153
42154
42157
42158
42159
42162
42164
42165
42166
42167
42169
42171
42173
42174
42176
42177
42178
42180
42181
42182
42185
42189
42191
42196
42197
42199
42200
42204
42205
42208
42209
42210
42214
42216
42220
42227
42228
42229
42230
42232
42233
42234
42236
42237
42241
42243
42246
42249
42250
42251
42253
42256
42257
42258
42261
42263
42264
42266
42267
42268
42269
42270
42272
42275
42279
42281
42284
42286
42290
42292
42294
42295
42297
42299
42300
42301
42303
42304
42306
42309
42310
42311
42312
42314
42315
42316
42318
42320
42321
42324
42325
42326
42327
42328
42329
42331
42333
42335
42337
42338
42339
42342
42344
42345
42347
42348
42349
42351
42353
42354
42358
42359
42360
42362
42363
42364
42365
42366
42367
42369
42370
42371
42372
42374
42377
42378
42380
42384
42385
42386
42389
42392
42393
42397
42398
42401
42402
42403
42404
42405
42406
42407
42411
42413
42414
42416
42417
42419
42422
42426
42428
42429
42432
42434
42435
42436
42438
42441
42443
42447
42449
42450
42451
42452
42458
42459
42461
42463
42464
42465
42466
42467
42468
42470
42472
42474
42476
42477
42479
42481
42483
42484
42485
42486
42488
42489
42495
42496
42499
42500
42501
42503
42506
42507
42511
42513
42514
42516
42517
42519
42521
42524
42525
42532
42533
42536
42538
42547
42549
42557
42558
42559
42562
42563
42568
42570
42572
42573
42583
42584
42585
42587
42589
42590
42591
42597
42598
42606
42607
42608
42610
42612
42613
42614
42615
42617
42618
42619
42622
42628
42629
42630
42634
42636
42637
42641
42642
42643
42644
42648
42649
42650
42653
42654
42655
42658
42661
42664
42666
42667
42669
42672
42673
42674
42675
42677
42678
42680
42681
42683
42684
42685
42691
42695
42696
42699
42700
42704
42705
42706
42709
42711
42712
42714
42717
42721
42723
42724
42726
42727
42728
42730
42733
42734
42735
42737
42739
42741
42742
42743
42744
42745
42746
42748
42749
42750
42752
42753
42754
42756
42757
42758
42759
42762
42763
42764
42765
42769
42770
42771
42775
42777
42778
42780
42784
42787
42793
42794
42797
42798
42800
42802
42804
42807
42808
42809
42812
42813
42815
42820
42821
42822
42824
42826
42828
42832
42833
42834
42835
42836
42837
42847
42849
42850
42852
42853
42854
42857
42861
42862
42863
42864
42868
42873
42874
42878
42879
42880
42881
42882
42884
42889
42890
42891
42895
42897
42898
42899
42900
42901
42902
42903
42904
42905
42907
42909
42911
42912
42918
42923
42926
42927
42929
42930
42933
42934
42935
42936
42937
42939
42940
42941
42942
42943
42945
42946
42948
42949
42950
42953
42955
42959
42960
42962
42963
42964
42966
42967
42969
42970
42972
42974
42975
42978
42980
42984
42986
42988
42989
42991
42992
42993
42994
42995
42997
43000
43001
43004
43005
43006
43007
43008
43009
43011
43015
43016
43017
43020
43021
43029
43033
43034
43036
43038
43039
43041
43043
43045
43046
43050
43051
43057
43058
43060
43062
43063
43064
43065
43066
43069
43070
43072
43073
43075
43081
43082
43086
43088
43089
43094
43099
43101
43102
43105
43110
43117
43120
43124
43126
43127
43129
43130
43133
43134
43135
43136
43138
43140
43141
43142
43143
43145
43146
43150
43153
43158
43159
43161
43163
43164
43166
43167
43169
43173
43176
43179
43181
43183
43187
43188
43189
43190
43191
43192
43193
43194
43195
43196
43202
43203
43204
43205
43208
43211
43214
43215
43216
43217
43218
43219
43220
43222
43230
43236
43240
43241
43242
43243
43244
43245
43246
43247
43248
43250
43252
43254
43256
43257
43260
43261
43265
43268
43269
43270
43272
43274
43280
43282
43284
43285
43287
43288
43289
43291
43292
43293
43295
43299
43303
43304
43309
43311
43313
43314
43315
43316
43318
43319
43320
43323
43325
43327
43328
43330
43334
43337
43339
43342
43343
43344
43347
43348
43354
43355
43361
43362
43364
43365
43367
43369
43370
43372
43373
43374
43375
43377
43378
43381
43382
43385
43386
43388
43389
43393
43394
43395
43396
43398
43399
43400
43401
43402
43405
43406
43407
43409
43410
43412
43413
43414
43415
43418
43423
43424
43427
43428
43431
43432
43434
43437
43438
43439
43441
43442
43448
43449
43451
43457
43459
43460
43461
43465
43469
43471
43472
43476
43477
43480
43481
43485
43487
43488
43489
43490
43492
43493
43494
43495
43499
43502
43505
43506
43509
43510
43511
43515
43517
43520
43521
43522
43523
43524
43525
43527
43528
43529
43530
43532
43534
43536
43540
43541
43542
43543
43545
43546
43551
43552
43555
43558
43561
43563
43565
43567
43568
43570
43571
43574
43576
43577
43579
43580
43581
43583
43585
43592
43595
43601
43603
43605
43609
43611
43613
43614
43618
43619
43621
43623
43626
43632
43636
43637
43640
43643
43645
43647
43650
43651
43652
43655
43656
43660
43661
43663
43666
43669
43675
43676
43679
43680
43687
43688
43690
43691
43693
43694
43695
43696
43697
43701
43702
43703
43707
43709
43710
43712
43714
43716
43717
43718
43719
43720
43722
43723
43724
43727
43728
43729
43732
43733
43735
43736
43737
43738
43740
43741
43744
43746
43749
43750
43751
43752
43753
43756
43759
43761
43764
43765
43766
43767
43770
43771
43773
43774
43775
43776
43777
43778
43779
43782
43783
43787
43788
43792
43796
43798
43801
43804
43806
43807
43819
43823
43828
43831
43832
43835
43837
43841
43844
43849
43850
43852
43853
43854
43856
43857
43859
43860
43861
43865
43866
43868
43871
43872
43873
43874
43882
43883
43884
43886
43887
43888
43889
43891
43892
43896
43897
43899
43900
43908
43910
43913
43915
43919
43920
43921
43922
43923
43924
43925
43929
43934
43935
43937
43938
43939
43940
43943
43945
43946
43947
43948
43949
43950
43951
43952
43957
43959
43960
43962
43967
43971
43977
43978
43979
43982
43984
43986
43987
43988
43996
43997
43998
43999
44001
44003
44005
44007
44009
44010
44013
44017
44020
44022
44023
44024
44025
44026
44028
44030
44035
44036
44038
44039
44040
44043
44044
44047
44048
44051
44054
44055
44059
44062
44066
44067
44074
44075
44077
44078
44080
44081
44084
44086
44090
44091
44094
44101
44102
44103
44104
44109
44111
44115
44116
44119
44120
44123
44125
44126
44127
44131
44132
44139
44141
44142
44147
44149
44150
44152
44153
44154
44155
44157
44163
44164
44166
44168
44169
44173
44177
44179
44182
44183
44184
44189
44192
44193
44198
44200
44201
44204
44205
44206
44208
44212
44213
44214
44216
44217
44218
44221
44222
44223
44225
44226
44228
44229
44231
44232
44234
44236
44237
44239
44241
44242
44243
44246
44247
44249
44254
44255
44257
44258
44261
44265
44269
44272
44274
44275
44279
44282
44283
44284
44286
44289
44290
44292
44296
44297
44298
44299
44300
44301
44303
44305
44307
44312
44313
44315
44317
44324
44327
44329
44330
44331
44333
44334
44335
44336
44337
44339
44340
44341
44344
44345
44346
44349
44350
44351
44353
44354
44357
44362
44364
44365
44367
44368
44372
44373
44375
44378
44383
44393
44396
44397
44398
44399
44401
44402
44404
44409
44410
44416
44417
44424
44425
44429
44431
44433
44436
44440
44443
44444
44446
44447
44448
44449
44450
44452
44456
44457
44458
44459
44463
44464
44465
44466
44467
44469
44474
44475
44476
44483
44484
44486
44487
44489
44491
44492
44495
44497
44499
44500
44504
44505
44506
44509
44510
44511
44512
44515
44517
44520
44521
44524
44525
44529
44530
44531
44532
44533
44539
44543
44548
44549
44550
44553
44555
44556
44557
44558
44560
44561
44562
44564
44566
44570
44571
44572
44573
44574
44577
44578
44579
44585
44586
44587
44588
44589
44598
44600
44601
44602
44603
44604
44606
44608
44610
44611
44614
44616
44623
44626
44629
44632
44634
44636
44641
44644
44646
44647
44648
44651
44653
44654
44656
44657
44658
44661
44663
44664
44665
44668
44669
44670
44671
44672
44673
44674
44675
44676
44678
44680
44687
44692
44693
44694
44696
44697
44698
44699
44701
44702
44703
44712
44713
44717
44718
44719
44720
44721
44723
44726
44728
44730
44731
44732
44733
44734
44736
44737
44739
44741
44742
44744
44745
44746
44747
44748
44751
44752
44754
44755
44758
44761
44767
44770
44771
44773
44776
44777
44778
44779
44780
44782
44783
44787
44788
44791
44794
44796
44797
44798
44799
44800
44802
44804
44806
44812
44816
44822
44823
44824
44826
44828
44829
44831
44833
44839
44843
44844
44845
44849
44852
44853
44854
44857
44859
44862
44866
44868
44870
44871
44873
44875
44876
44877
44878
44880
44884
44886
44887
44888
44890
44893
44894
44896
44898
44899
44900
44901
44905
44916
44917
44918
44922
44924
44925
44926
44929
44932
44934
44935
44936
44938
44940
44941
44942
44947
44949
44952
44954
44955
44958
44959
44960
44966
44967
44968
44969
44970
44971
44972
44978
44979
44980
44983
44984
44989
44990
44993
44996
45001
45002
45003
45005
45006
45008
45009
45010
45011
45016
45018
45019
45023
45025
45026
45028
45030
45031
45032
45034
45035
45037
45040
45044
45047
45051
45052
45053
45054
45055
45057
45059
45065
45066
45068
45070
45073
45074
45075
45076
45078
45079
45080
45083
45084
45086
45088
45089
45091
45092
45096
45099
45102
45103
45104
45105
45106
45112
45116
45120
45123
45124
45127
45128
45129
45133
45134
45135
45138
45140
45141
45143
45147
45148
45149
45151
45152
45153
45154
45156
45157
45158
45161
45163
45164
45165
45174
45175
45178
45179
45180
45182
45183
45184
45186
45189
45190
45191
45192
45193
45195
45197
45198
45203
45205
45207
45208
45210
45212
45214
45216
45217
45221
45223
45224
45227
45228
45229
45231
45232
45238
45239
45240
45247
45248
45252
45253
45258
45259
45260
45262
45265
45266
45269
45270
45271
45274
45275
45276
45277
45279
45287
45289
45292
45294
45297
45298
45299
45301
45302
45306
45309
45311
45312
45316
45318
45320
45321
45322
45323
45326
45327
45328
45329
45330
45332
45334
45338
45339
45341
45342
45344
45345
45346
45347
45348
45349
45351
45353
45358
45359
45361
45368
45369
45371
45373
45374
45375
45376
45378
45382
45388
45391
45392
45394
45395
45397
45398
45400
45401
45403
45404
45409
45411
45412
45414
45415
45416
45418
45421
45425
45426
45427
45429
45430
45432
45435
45441
45442
45445
45446
45447
45448
45453
45457
45461
45462
45463
45465
45467
45468
45472
45476
45479
45481
45482
45486
45487
45495
45499
45500
45502
45507
45509
45510
45511
45513
45514
45516
45517
45519
45522
45525
45529
45530
45533
45534
45535
45538
45540
45542
45543
45545
45547
45548
45551
45552
45554
45555
45559
45560
45562
45563
45569
45573
45574
45576
45583
45584
45586
45588
45591
45592
45595
45597
45600
45602
45605
45606
45607
45608
45614
45615
45617
45619
45621
45622
45623
45625
45626
45627
45630
45635
45636
45637
45640
45641
45643
45648
45649
45653
45662
45669
45670
45676
45684
45685
45688
45691
45692
45693
45695
45696
45697
45698
45701
45702
45704
45705
45707
45708
45711
45712
45713
45714
45715
45718
45720
45722
45723
45724
45726
45727
45730
45732
45735
45739
45740
45743
45744
45746
45747
45750
45752
45759
45765
45766
45767
45774
45775
45776
45781
45783
45785
45788
45790
45794
45796
45798
45802
45805
45807
45808
45811
45815
45816
45817
45822
45823
45827
45830
45831
45833
45834
45838
45839
45841
45842
45843
45845
45850
45852
45854
45858
45859
45860
45862
45863
45864
45867
45868
45869
45871
45877
45878
45879
45881
45883
45885
45887
45888
45890
45893
45898
45899
45900
45901
45904
45905
45906
45911
45914
45915
45918
45919
45922
45924
45928
45933
45935
45936
45938
45940
45941
45942
45943
45948
45949
45950
45952
45954
45956
45959
45961
45964
45966
45967
45968
45969
45970
45972
45973
45975
45978
45981
45983
45984
45989
45991
45992
45993
45994
45996
46003
46006
46008
46009
46011
46013
46015
46017
46018
46022
46026
46027
46028
46032
46033
46035
46038
46039
46040
46048
46050
46051
46052
46056
46057
46060
46061
46064
46065
46073
46074
46076
46082
46083
46084
46086
46088
46089
46091
46094
46095
46097
46099
46100
46101
46103
46104
46107
46108
46111
46112
46113
46120
46121
46124
46128
46129
46130
46135
46137
46142
46143
46146
46148
46149
46151
46154
46157
46160
46161
46163
46164
46166
46170
46171
46173
46174
46175
46176
46177
46178
46181
46182
46184
46185
46189
46192
46193
46194
46197
46201
46203
46205
46206
46208
46209
46210
46212
46213
46216
46217
46219
46221
46222
46224
46227
46228
46230
46231
46234
46236
46251
46252
46253
46254
46255
46257
46259
46262
46264
46265
46266
46269
46270
46271
46273
46277
46279
46284
46285
46287
46289
46290
46291
46293
46295
46296
46299
46301
46302
46303
46306
46309
46310
46311
46314
46315
46316
46317
46318
46325
46328
46329
46332
46333
46337
46338
46341
46342
46343
46344
46345
46346
46347
46349
46351
46352
46353
46355
46357
46361
46365
46366
46367
46368
46369
46370
46372
46373
46374
46379
46385
46391
46393
46396
46398
46399
46407
46408
46410
46411
46417
46418
46420
46422
46423
46424
46426
46427
46433
46434
46436
46437
46438
46439
46441
46443
46446
46448
46451
46454
46455
46457
46458
46459
46460
46466
46468
46473
46474
46476
46478
46479
46480
46481
46482
46483
46484
46485
46489
46491
46493
46497
46499
46501
46505
46507
46509
46510
46520
46521
46522
46523
46525
46530
46535
46536
46537
46539
46544
46547
46548
46549
46552
46553
46554
46555
46559
46560
46564
46565
46566
46567
46568
46569
46570
46573
46574
46578
46581
46586
46587
46590
46591
46595
46596
46598
46599
46602
46604
46605
46608
46609
46610
46611
46616
46617
46618
46620
46621
46625
46627
46628
46629
46632
46633
46637
46643
46648
46649
46652
46653
46654
46655
46656
46659
46661
46663
46668
46670
46671
46676
46680
46682
46683
46685
46689
46692
46693
46694
46695
46696
46697
46698
46699
46703
46706
46708
46710
46712
46714
46715
46716
46717
46721
46730
46731
46734
46736
46737
46738
46739
46747
46751
46754
46755
46757
46758
46759
46760
46761
46763
46766
46767
46768
46769
46770
46773
46781
46784
46785
46786
46787
46790
46792
46793
46804
46805
46806
46808
46809
46814
46815
46819
46820
46824
46825
46826
46828
46829
46830
46834
46835
46838
46839
46840
46841
46847
46848
46850
46855
46862
46863
46864
46866
46867
46870
46871
46877
46878
46880
46881
46886
46889
46890
46899
46902
46904
46905
46907
46909
46912
46913
46914
46916
46918
46919
46921
46922
46923
46924
46925
46926
46927
46930
46931
46932
46933
46937
46938
46942
46943
46944
46946
46947
46949
46950
46951
46953
46956
46957
46958
46961
46963
46964
46966
46967
46968
46973
46975
46977
46980
46981
46982
46983
46985
46988
46989
46992
46995
46997
46999
47000
47002
47005
47006
47007
47009
47010
47013
47014
47015
47016
47017
47020
47026
47027
47029
47033
47034
47038
47045
47049
47055
47059
47060
47062
47063
47065
47066
47067
47069
47070
47072
47074
47075
47076
47077
47078
47080
47081
47090
47091
47092
47095
47096
47097
47099
47103
47104
47106
47108
47109
47110
47111
47114
47117
47123
47124
47125
47126
47130
47132
47133
47134
47140
47145
47146
47147
47148
47149
47152
47154
47157
47158
47160
47162
47163
47164
47165
47173
47176
47177
47180
47181
47185
47187
47189
47193
47194
47196
47201
47202
47203
47204
47205
47206
47211
47212
47214
47216
47217
47218
47221
47222
47224
47229
47231
47232
47234
47236
47237
47238
47241
47243
47246
47248
47252
47253
47257
47259
47260
47262
47264
47265
47266
47270
47272
47275
47276
47277
47278
47279
47280
47286
47288
47289
47291
47292
47293
47294
47302
47304
47305
47307
47310
47312
47313
47315
47317
47322
47324
47326
47327
47328
47329
47332
47334
47336
47338
47340
47344
47345
47346
47351
47353
47354
47355
47356
47357
47358
47362
47363
47364
47366
47370
47371
47374
47378
47380
47381
47382
47383
47388
47389
47391
47393
47394
47396
47397
47398
47399
47404
47406
47407
47409
47410
47411
47413
47415
47416
47418
47419
47424
47425
47432
47433
47434
47435
47437
47438
47439
47440
47441
47442
47443
47445
47450
47451
47452
47453
47455
47456
47459
47460
47461
47468
47471
47472
47477
47479
47480
47481
47482
47485
47488
47493
47494
47495
47499
47500
47501
47502
47503
47504
47506
47508
47511
47512
47514
47517
47519
47525
47526
47527
47532
47533
47535
47540
47547
47548
47551
47553
47554
47558
47559
47561
47571
47573
47579
47580
47584
47586
47587
47588
47589
47590
47592
47593
47594
47596
47599
47601
47609
47612
47614
47616
47621
47622
47625
47628
47629
47632
47634
47635
47639
47640
47641
47642
47646
47650
47651
47654
47656
47658
47659
47661
47663
47665
47673
47675
47677
47678
47680
47681
47688
47692
47694
47696
47698
47701
47703
47704
47707
47711
47717
47718
47719
47722
47726
47728
47729
47731
47732
47733
47734
47737
47739
47743
47744
47755
47758
47760
47763
47768
47769
47771
47772
47773
47774
47775
47776
47778
47779
47780
47781
47782
47784
47785
47788
47789
47791
47792
47797
47800
47801
47802
47805
47808
47813
47814
47817
47818
47821
47822
47823
47828
47831
47832
47833
47836
47837
47838
47843
47846
47848
47849
47852
47854
47855
47857
47858
47859
47861
47862
47863
47868
47870
47875
47879
47887
47889
47890
47891
47893
47894
47896
47897
47898
47900
47902
47904
47906
47912
47913
47914
47915
47916
47917
47921
47927
47928
47929
47932
47933
47935
47937
47940
47943
47944
47948
47952
47953
47954
47955
47957
47958
47959
47960
47961
47962
47964
47966
47970
47973
47974
47975
47976
47977
47978
47979
47980
47986
47987
47988
47989
47993
47995
47997
47999
48002
48005
48010
48011
48015
48017
48020
48022
48023
48025
48026
48028
48029
48030
48033
48038
48039
48043
48050
48052
48056
48057
48061
48063
48064
48066
48070
48071
48072
48073
48074
48077
48078
48080
48081
48084
48085
48086
48088
48089
48090
48093
48095
48102
48109
48110
48112
48113
48114
48116
48117
48118
48119
48124
48125
48127
48129
48133
48142
48144
48145
48147
48148
48149
48150
48153
48154
48155
48156
48159
48161
48162
48163
48164
48166
48167
48168
48169
48172
48176
48183
48184
48185
48187
48188
48189
48193
48200
48203
48205
48212
48213
48215
48217
48219
48220
48223
48230
48231
48232
48233
48237
48241
48244
48245
48248
48258
48260
48261
48263
48264
48265
48269
48270
48271
48274
48278
48279
48280
48281
48282
48285
48286
48289
48292
48293
48295
48296
48297
48302
48303
48304
48308
48309
48313
48315
48316
48318
48321
48322
48326
48328
48330
48331
48335
48336
48338
48340
48342
48343
48344
48345
48346
48347
48349
48350
48352
48353
48358
48360
48367
48370
48372
48374
48377
48381
48386
48387
48391
48392
48393
48395
48396
48397
48399
48401
48402
48404
48406
48407
48408
48409
48411
48413
48417
48419
48420
48421
48423
48427
48428
48429
48430
48434
48436
48437
48438
48440
48441
48444
48455
48456
48460
48461
48462
48463
48465
48468
48470
48473
48475
48477
48478
48480
48481
48482
48483
48485
48494
48496
48500
48501
48502
48504
48507
48508
48509
48510
48519
48524
48525
48526
48529
48531
48536
48540
48544
48547
48549
48551
48555
48559
48560
48561
48563
48564
48566
48567
48568
48569
48570
48572
48573
48575
48576
48577
48580
48583
48584
48592
48593
48594
48595
48596
48601
48603
48604
48608
48611
48621
48622
48630
48631
48632
48636
48637
48645
48647
48652
48654
48658
48659
48664
48665
48672
48673
48675
48677
48678
48679
48680
48681
48684
48685
48688
48689
48690
48696
48699
48702
48703
48704
48710
48713
48715
48716
48717
48718
48720
48724
48730
48733
48734
48735
48740
48743
48745
48749
48751
48752
48753
48754
48755
48758
48759
48763
48765
48767
48768
48772
48773
48775
48776
48778
48782
48784
48786
48787
48790
48794
48795
48797
48804
48805
48806
48807
48808
48810
48811
48812
48814
48815
48816
48818
48819
48820
48825
48826
48827
48829
48832
48833
48836
48840
48841
48842
48844
48845
48851
48855
48856
48860
48864
48865
48867
48868
48870
48872
48874
48875
48876
48877
48879
48881
48884
48885
48886
48887
48889
48890
48891
48892
48893
48895
48897
48902
48905
48906
48907
48908
48910
48912
48913
48917
48918
48920
48924
48925
48926
48927
48931
48932
48939
48943
48945
48946
48950
48955
48956
48958
48959
48962
48963
48970
48973
48975
48976
48978
48982
48983
48992
48993
48995
48999
49000
49002
49007
49008
49009
49010
49014
49015
49016
49017
49018
49019
49026
49028
49029
49031
49032
49034
49035
49036
49039
49042
49044
49047
49048
49051
49054
49055
49057
49058
49059
49060
49061
49063
49064
49067
49068
49070
49073
49074
49075
49078
49079
49080
49083
49084
49087
49089
49091
49092
49097
49098
49100
49101
49102
49105
49110
49113
49114
49120
49121
49123
49124
49125
49126
49130
49132
49133
49134
49135
49136
49141
49142
49143
49146
49147
49150
49151
49153
49154
49156
49157
49159
49160
49161
49162
49164
49165
49166
49169
49170
49171
49172
49183
49186
49189
49190
49195
49197
49203
49204
49205
49208
49209
49210
49211
49213
49215
49217
49219
49220
49221
49222
49227
49228
49231
49237
49238
49245
49252
49256
49258
49259
49262
49264
49265
49267
49272
49276
49278
49279
49280
49282
49287
49288
49291
49296
49299
49300
49303
49304
49305
49309
49310
49311
49312
49313
49314
49316
49317
49318
49320
49321
49325
49326
49327
49329
49330
49331
49332
49334
49336
49339
49340
49343
49346
49347
49348
49349
49351
49360
49362
49364
49365
49367
49368
49369
49370
49372
49374
49376
49379
49380
49382
49386
49387
49388
49390
49392
49393
49394
49395
49396
49399
49401
49403
49407
49408
49410
49411
49415
49418
49419
49422
49424
49426
49427
49428
49430
49431
49432
49433
49435
49436
49439
49442
49443
49448
49455
49456
49457
49458
49462
49465
49468
49470
49472
49473
49475
49476
49477
49479
49481
49482
49484
49485
49487
49488
49491
49494
49496
49498
49499
49500
49501
49503
49504
49508
49513
49516
49518
49520
49523
49525
49527
49529
49530
49531
49532
49534
49536
49539
49540
49544
49547
49553
49554
49556
49557
49558
49564
49567
49568
49569
49570
49577
49578
49579
49583
49591
49596
49597
49606
49608
49614
49617
49618
49619
49620
49621
49622
49623
49625
49632
49634
49639
49640
49644
49645
49647
49649
49650
49651
49652
49653
49654
49657
49658
49665
49666
49671
49673
49675
49678
49681
49684
49687
49692
49693
49695
49696
49697
49698
49701
49703
49704
49705
49709
49711
49713
49714
49715
49716
49718
49719
49721
49722
49724
49728
49733
49735
49738
49741
49743
49744
49747
49748
49749
49754
49759
49765
49766
49769
49772
49773
49776
49779
49784
49787
49788
49790
49792
49795
49796
49798
49799
49800
49801
49807
49808
49810
49813
49814
49815
49823
49825
49830
49831
49834
49835
49836
49838
49839
49842
49844
49848
49850
49855
49856
49857
49858
49859
49863
49869
49870
49873
49874
49875
49876
49877
49878
49879
49882
49884
49886
49889
49894
49895
49897
49898
49899
49900
49901
49904
49907
49908
49909
49912
49914
49915
49916
49918
49922
49926
49927
49928
49929
49930
49931
49932
49933
49940
49941
49942
49945
49946
49948
49949
49954
49955
49956
49959
49960
49963
49964
49967
49968
49969
49970
49971
49977
49982
49986
49988
49989
49990
49991
49992
49993
49994
49996
49998
50002
50006
50007
50009
50011
50014
50016
50017
50020
50021
50024
50027
50028
50029
50030
50032
50034
50036
50039
50040
50044
50049
50055
50056
50058
50062
50065
50067
50069
50073
50076
50077
50078
50079
50080
50081
50083
50084
50087
50089
50090
50091
50093
50095
50096
50098
50099
50100
50101
50104
50105
50106
50110
50111
50113
50114
50118
50120
50123
50124
50125
50128
50129
50131
50133
50136
50137
50138
50139
50142
50143
50145
50147
50148
50151
50155
50158
50160
50161
50162
50167
50173
50176
50178
50180
50183
50185
50186
50188
50189
50190
50199
50201
50202
50203
50204
50206
50209
50210
50212
50213
50216
50217
50222
50224
50225
50231
50233
50235
50237
50240
50242
50245
50246
50247
50250
50252
50254
50255
50257
50260
50272
50273
50275
50283
50284
50285
50289
50291
50292
50293
50294
50296
50297
50301
50304
50305
50307
50309
50313
50317
50318
50319
50320
50326
50329
50330
50331
50332
50333
50334
50336
50339
50340
50341
50344
50346
50348
50350
50352
50353
50354
50355
50357
50358
50359
50360
50361
50365
50367
50369
50370
50371
50376
50377
50382
50384
50386
50389
50390
50394
50396
50398
50399
50400
50402
50407
50414
50415
50417
50425
50426
50427
50428
50433
50436
50437
50438
50445
50450
50452
50459
50460
50461
50463
50465
50466
50468
50469
50471
50472
50474
50477
50478
50480
50485
50488
50491
50492
50499
50500
50502
50504
50505
50507
50508
50509
50514
50515
50522
50527
50528
50530
50531
50534
50538
50539
50543
50545
50548
50555
50558
50559
50561
50564
50567
50568
50569
50570
50572
50574
50577
50578
50580
50581
50586
50588
50590
50592
50597
50601
50605
50606
50607
50609
50611
50612
50614
50615
50622
50623
50624
50627
50630
50632
50633
50636
50638
50640
50642
50643
50648
50651
50653
50656
50657
50658
50660
50663
50665
50669
50679
50682
50688
50690
50691
50692
50693
50697
50698
50702
50703
50707
50708
50713
50714
50715
50716
50717
50719
50725
50726
50727
50729
50730
50731
50732
50734
50736
50737
50749
50752
50753
50756
50757
50761
50763
50764
50767
50768
50769
50774
50779
50781
50782
50786
50789
50791
50804
50809
50812
50813
50815
50817
50819
50820
50823
50826
50827
50831
50838
50839
50841
50845
50846
50850
50852
50854
50855
50856
50858
50861
50863
50866
50867
50872
50875
50876
50882
50885
50891
50892
50894
50901
50906
50907
50912
50913
50920
50921
50922
50925
50931
50932
50933
50934
50937
50938
50940
50943
50944
50945
50946
50949
50950
50951
50952
50956
50957
50958
50962
50965
50966
50967
50970
50971
50973
50975
50976
50977
50983
50985
50986
50987
50988
50989
50990
50992
50993
50998
51000
51001
51004
51005
51006
51008
51012
51016
51018
51024
51028
51030
51031
51032
51041
51042
51043
51046
51047
51048
51051
51054
51056
51057
51059
51060
51063
51067
51070
51071
51072
51075
51080
51081
51083
51085
51087
51088
51091
51092
51093
51098
51099
51102
51103
51105
51111
51112
51113
51117
51118
51119
51123
51125
51128
51129
51137
51139
51142
51152
51154
51155
51157
51158
51159
51164
51169
51172
51175
51177
51178
51179
51180
51183
51184
51185
51189
51190
51192
51194
51198
51199
51201
51202
51203
51204
51206
51207
51209
51211
51215
51216
51218
51219
51220
51228
51231
51234
51237
51239
51247
51249
51260
51266
51269
51270
51272
51273
51274
51275
51278
51282
51284
51286
51287
51289
51290
51292
51297
51299
51302
51303
51304
51307
51309
51317
51319
51322
51323
51325
51328
51331
51334
51336
51337
51338
51343
51344
51345
51347
51350
51355
51356
51357
51358
51359
51360
51362
51364
51366
51368
51369
51371
51372
51375
51376
51379
51380
51382
51384
51386
51388
51389
51390
51393
51394
51398
51399
51401
51403
51404
51405
51410
51411
51413
51416
51417
51418
51420
51422
51425
51426
51432
51439
51442
51444
51454
51455
51456
51457
51459
51460
51461
51463
51465
51468
51470
51471
51474
51476
51479
51480
51482
51486
51487
51488
51491
51492
51493
51494
51495
51499
51502
51503
51505
51515
51516
51519
51525
51527
51529
51532
51535
51538
51541
51544
51545
51548
51549
51550
51553
51554
51555
51556
51558
51559
51560
51561
51563
51564
51566
51570
51571
51575
51577
51578
51579
51586
51587
51588
51591
51595
51598
51599
51600
51601
51602
51609
51610
51616
51619
51621
51623
51624
51625
51626
51630
51631
51632
51633
51635
51637
51638
51640
51642
51644
51648
51652
51654
51660
51662
51663
51665
51666
51667
51669
51672
51673
51676
51682
51690
51691
51692
51693
51694
51695
51696
51700
51701
51703
51711
51714
51718
51721
51722
51723
51727
51728
51729
51730
51731
51733
51735
51737
51740
51741
51742
51745
51746
51747
51748
51755
51761
51763
51764
51772
51773
51774
51779
51781
51782
51783
51784
51785
51790
51792
51796
51797
51800
51808
51809
51812
51815
51816
51819
51822
51826
51827
51831
51833
51834
51835
51838
51839
51841
51842
51845
51850
51851
51852
51854
51855
51856
51862
51863
51864
51866
51867
51871
51874
51875
51880
51881
51882
51883
51886
51888
51889
51891
51893
51895
51896
51898
51899
51905
51906
51908
51911
51915
51916
51917
51918
51919
51922
51923
51924
51926
51927
51929
51930
51931
51933
51934
51935
51936
51938
51939
51948
51950
51952
51953
51954
51955
51958
51967
51968
51969
51974
51976
51977
51981
51984
51988
51989
51990
51993
51998
52000
52001
52006
52008
52011
52012
52013
52014
52016
52017
52023
52026
52028
52032
52034
52037
52038
52039
52040
52041
52044
52046
52049
52051
52053
52055
52059
52060
52061
52062
52063
52065
52066
52067
52070
52075
52081
52082
52085
52086
52092
52097
52100
52105
52108
52109
52112
52116
52117
52118
52120
52124
52125
52129
52130
52131
52132
52133
52137
52138
52141
52142
52145
52146
52148
52149
52151
52152
52154
52155
52157
52159
52160
52166
52167
52172
52173
52178
52179
52180
52181
52182
52185
52188
52191
52193
52195
52197
52202
52211
52213
52214
52215
52221
52226
52228
52230
52231
52232
52233
52234
52237
52239
52240
52242
52243
52250
52251
52256
52262
52264
52268
52269
52270
52272
52274
52275
52284
52285
52287
52290
52291
52295
52297
52298
52300
52303
52304
52307
52308
52309
52311
52318
52319
52320
52321
52331
52339
52340
52341
52342
52346
52351
52353
52354
52356
52357
52359
52361
52364
52365
52367
52369
52371
52372
52379
52381
52383
52385
52386
52390
52391
52392
52394
52395
52397
52398
52400
52401
52402
52405
52408
52411
52412
52413
52416
52417
52421
52424
52425
52433
52434
52436
52437
52441
52442
52443
52444
52446
52448
52449
52450
52451
52452
52453
52456
52459
52461
52462
52467
52470
52471
52473
52475
52476
52478
52481
52482
52486
52487
52489
52490
52493
52496
52498
52500
52501
52502
52507
52508
52513
52516
52517
52519
52524
52525
52551
52555
52556
52557
52560
52561
52562
52563
52565
52567
52575
52576
52579
52581
52582
52584
52588
52590
52591
52592
52593
52597
52602
52606
52607
52610
52611
52612
52614
52618
52621
52622
52624
52625
52628
52629
52634
52635
52640
52642
52645
52651
52652
52659
52660
52662
52663
52664
52665
52670
52673
52676
52677
52678
52680
52682
52686
52695
52696
52699
52703
52707
52709
52711
52712
52713
52722
52725
52727
52730
52731
52733
52734
52736
52739
52741
52742
52744
52746
52747
52749
52750
52754
52757
52758
52759
52763
52765
52766
52773
52775
52776
52778
52779
52780
52782
52783
52784
52786
52788
52789
52790
52796
52798
52802
52805
52808
52810
52815
52816
52819
52821
52822
52824
52825
52826
52827
52830
52832
52833
52835
52836
52837
52838
52840
52847
52848
52850
52853
52854
52859
52860
52862
52865
52866
52870
52871
52876
52877
52883
52886
52887
52894
52896
52900
52901
52902
52903
52907
52917
52920
52922
52926
52929
52931
52933
52934
52935
52940
52941
52943
52945
52946
52953
52954
52958
52960
52961
52962
52963
52964
52965
52966
52967
52968
52969
52970
52972
52973
52975
52976
52979
52983
52984
52985
52992
52993
52995
53001
53004
53005
53007
53009
53010
53012
53019
53020
53022
53023
53024
53026
53027
53030
53031
53036
53037
53038
53039
53041
53044
53045
53048
53050
53057
53058
53064
53065
53067
53069
53070
53071
53072
53075
53077
53079
53082
53083
53087
53088
53090
53096
53098
53100
53102
53105
53106
53108
53109
53111
53114
53115
53118
53121
53133
53136
53137
53140
53141
53146
53147
53150
53152
53155
53158
53159
53162
53163
53167
53170
53175
53177
53179
53180
53182
53184
53185
53187
53188
53192
53194
53196
53198
53200
53207
53211
53215
53218
53221
53226
53228
53230
53231
53235
53236
53237
53238
53240
53244
53245
53247
53253
53254
53257
53258
53261
53264
53265
53267
53269
53270
53271
53272
53274
53275
53276
53277
53278
53280
53281
53282
53283
53284
53286
53294
53295
53296
53297
53300
53301
53302
53303
53304
53307
53309
53310
53312
53315
53317
53319
53321
53322
53323
53326
53327
53330
53336
53337
53340
53343
53345
53346
53347
53349
53350
53354
53356
53358
53359
53364
53378
53379
53380
53381
53385
53390
53394
53400
53402
53405
53415
53419
53423
53424
53427
53429
53432
53435
53438
53440
53441
53442
53443
53447
53449
53451
53452
53453
53454
53458
53459
53463
53466
53470
53472
53478
53482
53485
53486
53488
53492
53495
53499
53501
53507
53511
53513
53518
53523
53525
53526
53528
53531
53532
53533
53535
53536
53540
53541
53546
53547
53550
53557
53559
53561
53566
53567
53568
53571
53572
53573
53575
53577
53579
53582
53589
53590
53596
53598
53601
53602
53605
53609
53611
53612
53613
53616
53624
53627
53631
53636
53639
53642
53646
53648
53650
53653
53655
53656
53661
53662
53663
53665
53668
53672
53673
53674
53675
53682
53684
53685
53686
53691
53695
53697
53701
53702
53705
53706
53708
53709
53712
53715
53718
53720
53724
53725
53727
53729
53730
53731
53732
53740
53746
53747
53749
53750
53751
53753
53754
53757
53759
53761
53764
53768
53769
53772
53773
53774
53776
53778
53781
53782
53783
53785
53786
53787
53789
53790
53791
53792
53795
53797
53798
53802
53805
53810
53811
53815
53817
53818
53820
53822
53824
53829
53832
53836
53837
53838
53840
53843
53844
53845
53847
53850
53851
53852
53858
53861
53863
53864
53865
53866
53867
53868
53873
53876
53877
53878
53880
53882
53886
53889
53893
53897
53900
53901
53902
53904
53905
53907
53908
53914
53915
53916
53922
53923
53924
53928
53931
53936
53937
53938
53942
53946
53951
53952
53953
53955
53959
53962
53963
53964
53968
53969
53970
53973
53975
53979
53981
53983
53984
53990
53992
53993
53995
54003
54004
54005
54006
54009
54013
54014
54015
54020
54022
54024
54026
54027
54030
54033
54034
54035
54040
54043
54044
54045
54048
54050
54051
54052
54056
54057
54059
54060
54067
54074
54078
54081
54084
54088
54090
54091
54092
54095
54097
54098
54099
54100
54102
54109
54111
54113
54115
54116
54117
54119
54124
54125
54126
54129
54130
54132
54133
54134
54135
54136
54140
54141
54147
54149
54150
54154
54155
54163
54164
54167
54170
54176
54184
54193
54195
54200
54206
54207
54209
54210
54211
54214
54215
54217
54219
54221
54223
54225
54227
54231
54233
54234
54235
54237
54241
54242
54243
54244
54247
54248
54250
54251
54254
54255
54258
54259
54262
54263
54265
54266
54270
54272
54277
54279
54284
54286
54287
54288
54289
54292
54293
54294
54295
54302
54307
54309
54312
54313
54314
54315
54318
54320
54321
54322
54323
54324
54325
54326
54327
54328
54331
54333
54334
54335
54338
54339
54342
54344
54348
54350
54351
54353
54354
54360
54365
54367
54369
54372
54375
54376
54377
54379
54380
54381
54389
54390
54392
54393
54396
54397
54399
54404
54406
54408
54409
54414
54416
54419
54422
54425
54430
54431
54433
54438
54439
54440
54444
54445
54447
54450
54455
54461
54462
54463
54466
54469
54472
54476
54477
54484
54488
54492
54497
54498
54499
54504
54508
54510
54512
54517
54518
54519
54520
54521
54526
54527
54529
54531
54532
54534
54537
54539
54541
54551
54554
54556
54559
54561
54562
54565
54571
54572
54573
54578
54582
54583
54585
54586
54588
54589
54590
54591
54593
54596
54599
54601
54602
54607
54621
54622
54624
54625
54628
54631
54633
54634
54638
54641
54642
54648
54650
54651
54654
54656
54659
54664
54665
54667
54670
54671
54674
54677
54678
54682
54683
54684
54685
54686
54688
54690
54691
54695
54697
54698
54699
54702
54703
54705
54706
54709
54713
54714
54716
54717
54718
54719
54723
54731
54732
54733
54734
54738
54739
54740
54741
54748
54749
54750
54751
54753
54754
54756
54759
54761
54762
54763
54766
54770
54774
54778
54779
54782
54784
54788
54789
54791
54794
54796
54797
54799
54802
54810
54813
54814
54815
54817
54820
54824
54832
54837
54851
54855
54858
54860
54861
54865
54866
54871
54872
54873
54874
54878
54879
54880
54882
54883
54884
54887
54891
54892
54894
54896
54897
54900
54903
54907
54908
54909
54912
54917
54919
54920
54922
54925
54929
54933
54934
54935
54936
54938
54946
54953
54954
54958
54961
54962
54964
54967
54971
54975
54978
54980
54984
54985
54986
54987
54988
54991
54992
54993
54994
54997
54998
55000
55006
55007
55008
55019
55020
55021
55025
55026
55027
55029
55030
55034
55036
55039
55042
55045
55046
55047
55048
55049
55060
55062
55064
55066
55068
55071
55073
55075
55076
55078
55079
55080
55081
55084
55085
55087
55088
55089
55090
55100
55101
55108
55110
55112
55115
55120
55121
55122
55125
55126
55127
55129
55130
55131
55140
55141
55143
55147
55148
55149
55150
55151
55152
55158
55162
55169
55170
55171
55172
55173
55174
55175
55185
55188
55189
55190
55194
55195
55196
55198
55201
55203
55205
55207
55208
55209
55210
55211
55213
55217
55218
55224
55227
55232
55235
55238
55240
55249
55252
55254
55257
55259
55260
55261
55264
55266
55267
55268
55271
55273
55274
55275
55278
55281
55284
55287
55288
55289
55290
55293
55294
55296
55297
55299
55304
55305
55306
55307
55308
55311
55313
55316
55318
55320
55321
55322
55330
55331
55334
55335
55344
55347
55348
55350
55353
55354
55357
55358
55361
55362
55363
55367
55372
55373
55377
55378
55394
55400
55402
55403
55404
55408
55409
55411
55414
55419
55421
55422
55424
55426
55428
55429
55432
55434
55435
55438
55441
55442
55445
55448
55451
55452
55456
55457
55461
55463
55464
55465
55472
55475
55477
55478
55479
55483
55484
55487
55488
55490
55492
55497
55499
55503
55512
55521
55525
55531
55535
55545
55546
55551
55552
55555
55557
55559
55560
55561
55566
55570
55571
55572
55574
55579
55581
55582
55588
55591
55600
55601
55602
55603
55604
55606
55609
55610
55613
55616
55618
55619
55627
55639
55640
55643
55645
55646
55654
55656
55657
55658
55662
55664
55665
55666
55668
55671
55673
55676
55680
55683
55684
55685
55686
55687
55688
55689
55691
55692
55697
55699
55700
55703
55704
55705
55709
55710
55712
55717
55718
55719
55721
55725
55729
55730
55733
55734
55735
55737
55739
55740
55742
55743
55744
55747
55748
55750
55761
55762
55763
55767
55769
55771
55772
55778
55779
55780
55781
55782
55786
55788
55789
55790
55791
55792
55796
55797
55798
55800
55802
55803
55804
55805
55807
55809
55810
55813
55818
55819
55821
55829
55831
55832
55833
55834
55838
55842
55849
55851
55852
55853
55855
55856
55857
55860
55864
55866
55868
55869
55871
55872
55877
55878
55879
55881
55884
55885
55889
55893
55897
55899
55901
55903
55905
55906
55911
55913
55915
55918
55921
55924
55925
55927
55930
55931
55932
55933
55938
55940
55941
55942
55943
55945
55946
55950
55953
55954
55956
55957
55958
55959
55961
55965
55968
55970
55971
55975
55976
55977
55979
55981
55983
55984
55985
55991
55993
56000
56001
56004
56009
56014
56017
56018
56024
56027
56030
56031
56035
56044
56048
56051
56054
56055
56057
56059
56060
56066
56067
56073
56074
56075
56076
56082
56084
56087
56088
56091
56092
56093
56095
56096
56098
56105
56107
56111
56112
56113
56124
56127
56129
56132
56133
56134
56139
56141
56142
56143
56144
56147
56148
56149
56150
56154
56156
56161
56162
56163
56165
56166
56167
56168
56169
56170
56173
56174
56176
56178
56179
56180
56182
56187
56193
56195
56197
56198
56199
56201
56205
56207
56209
56212
56214
56216
56222
56227
56229
56232
56235
56236
56238
56239
56241
56246
56248
56251
56253
56254
56259
56262
56264
56265
56266
56267
56268
56270
56273
56274
56275
56276
56277
56280
56284
56285
56286
56291
56293
56296
56298
56301
56303
56307
56313
56316
56320
56325
56332
56340
56342
56343
56348
56349
56352
56354
56358
56363
56364
56366
56367
56368
56369
56370
56373
56374
56376
56378
56385
56387
56391
56392
56393
56395
56397
56398
56403
56410
56411
56415
56419
56422
56425
56427
56430
56435
56437
56438
56439
56441
56443
56445
56455
56456
56458
56460
56461
56464
56467
56468
56470
56475
56482
56484
56485
56486
56488
56490
56491
56495
56496
56497
56501
56502
56504
56507
56511
56513
56514
56518
56519
56526
56535
56536
56538
56540
56541
56545
56546
56547
56548
56550
56552
56553
56557
56558
56559
56564
56566
56568
56570
56571
56576
56578
56581
56588
56595
56597
56598
56603
56604
56606
56611
56612
56613
56617
56623
56626
56627
56628
56633
56641
56643
56649
56657
56668
56670
56671
56672
56675
56677
56678
56682
56684
56685
56688
56690
56691
56692
56695
56696
56697
56698
56699
56703
56708
56713
56714
56715
56723
56724
56727
56728
56729
56730
56731
56732
56733
56736
56738
56742
56743
56744
56745
56748
56749
56750
56751
56754
56761
56766
56767
56768
56772
56773
56774
56775
56780
56784
56785
56788
56795
56797
56801
56805
56807
56812
56816
56821
56826
56827
56830
56833
56839
56845
56848
56852
56855
56856
56859
56860
56862
56867
56871
56877
56879
56885
56887
56890
56892
56894
56896
56897
56898
56899
56900
56902
56903
56905
56907
56909
56911
56912
56913
56917
56919
56923
56928
56929
56932
56933
56934
56937
56941
56944
56946
56948
56950
56958
56960
56962
56964
56966
56968
56973
56974
56976
56977
56978
56980
56986
56987
56994
56995
56996
56997
57000
57003
57004
57009
57011
57013
57014
57017
57018
57020
57021
57026
57028
57030
57032
57035
57036
57038
57039
57041
57042
57043
57047
57048
57049
57050
57052
57053
57055
57060
57062
57063
57064
57068
57069
57070
57074
57078
57080
57081
57084
57085
57089
57099
57101
57104
57109
57114
57115
57121
57122
57123
57124
57125
57128
57129
57131
57135
57138
57146
57148
57149
57150
57151
57152
57153
57154
57156
57158
57171
57172
57173
57176
57177
57178
57179
57182
57189
57190
57191
57194
57195
57199
57208
57210
57217
57223
57224
57230
57235
57239
57241
57242
57244
57247
57248
57250
57259
57260
57262
57267
57271
57273
57277
57278
57283
57284
57287
57288
57290
57291
57292
57296
57302
57304
57306
57308
57313
57319
57326
57330
57331
57334
57335
57345
57352
57354
57357
57359
57360
57361
57363
57369
57371
57372
57374
57376
57378
57382
57385
57389
57390
57393
57394
57400
57402
57406
57407
57409
57410
57411
57413
57415
57416
57418
57419
57420
57427
57431
57432
57435
57436
57442
57448
57450
57458
57464
57467
57468
57469
57471
57475
57477
57478
57480
57484
57485
57489
57491
57496
57497
57498
57500
57501
57507
57508
57511
57513
57515
57518
57519
57520
57521
57524
57530
57532
57534
57535
57536
57537
57542
57545
57549
57550
57551
57558
57559
57563
57567
57571
57583
57584
57585
57586
57587
57589
57590
57596
57597
57601
57608
57609
57610
57611
57616
57617
57621
57623
57624
57628
57634
57637
57638
57639
57643
57646
57647
57648
57653
57655
57657
57659
57661
57663
57664
57667
57670
57671
57675
57677
57678
57680
57683
57684
57685
57686
57687
57692
57694
57705
57706
57708
57709
57710
57711
57712
57713
57714
57715
57716
57717
57724
57726
57728
57732
57733
57734
57735
57736
57739
57741
57744
57745
57749
57752
57755
57756
57762
57765
57766
57768
57773
57774
57775
57784
57787
57796
57799
57804
57805
57807
57809
57811
57814
57815
57818
57824
57831
57832
57833
57835
57836
57838
57844
57846
57848
57859
57861
57863
57864
57866
57867
57870
57871
57872
57873
57874
57878
57880
57881
57885
57890
57892
57894
57895
57896
57899
57900
57902
57905
57906
57908
57913
57918
57927
57928
57930
57932
57934
57935
57939
57943
57945
57947
57948
57949
57953
57955
57956
57957
57959
57960
57961
57962
57964
57965
57966
57970
57971
57977
57980
57981
57982
57986
57989
57990
57991
57992
57994
57996
57997
57999
58001
58003
58004
58008
58010
58011
58013
58017
58022
58024
58025
58027
58036
58038
58039
58040
58042
58046
58047
58053
58058
58063
58064
58066
58068
58070
58071
58075
58076
58082
58085
58087
58095
58097
58098
58102
58103
58108
58110
58111
58114
58115
58117
58118
58120
58122
58124
58126
58127
58130
58133
58136
58139
58140
58141
58142
58143
58145
58146
58152
58154
58156
58160
58163
58166
58169
58170
58172
58173
58179
58183
58185
58186
58188
58190
58191
58192
58193
58194
58195
58196
58197
58201
58203
58205
58206
58210
58215
58216
58217
58219
58220
58221
58222
58225
58227
58230
58231
58232
58233
58236
58237
58239
58242
58243
58244
58246
58247
58248
58252
58253
58256
58267
58268
58270
58275
58276
58277
58278
58279
58282
58284
58286
58288
58292
58293
58302
58304
58305
58306
58307
58309
58310
58312
58313
58317
58320
58321
58328
58333
58341
58344
58345
58347
58349
58350
58351
58354
58356
58359
58364
58366
58371
58373
58374
58377
58382
58391
58392
58394
58396
58397
58398
58399
58400
58405
58407
58408
58410
58412
58415
58418
58420
58423
58424
58426
58430
58432
58433
58434
58439
58444
58445
58446
58447
58449
58454
58458
58459
58460
58469
58477
58480
58485
58488
58490
58495
58496
58497
58498
58499
58501
58507
58508
58509
58510
58511
58514
58522
58523
58525
58526
58532
58533
58540
58542
58543
58550
58553
58554
58555
58558
58559
58560
58562
58565
58567
58569
58574
58578
58581
58582
58585
58586
58589
58591
58593
58594
58597
58602
58603
58605
58607
58609
58614
58616
58621
58623
58626
58629
58631
58634
58635
58638
58640
58641
58648
58651
58652
58653
58655
58656
58659
58660
58662
58664
58668
58669
58671
58672
58673
58674
58676
58679
58680
58684
58687
58691
58693
58694
58698
58699
58701
58702
58705
58706
58708
58709
58710
58715
58716
58717
58720
58721
58722
58723
58724
58725
58731
58732
58739
58740
58742
58745
58746
58751
58755
58759
58760
58762
58763
58765
58766
58769
58772
58773
58774
58780
58781
58783
58784
58785
58788
58791
58793
58794
58801
58804
58807
58811
58812
58814
58815
58824
58825
58831
58832
58833
58836
58839
58844
58845
58848
58851
58854
58855
58861
58863
58864
58865
58866
58870
58871
58872
58875
58877
58879
58881
58883
58884
58885
58893
58896
58904
58905
58908
58911
58916
58917
58918
58919
58921
58922
58923
58924
58925
58928
58932
58934
58940
58941
58944
58945
58946
58948
58955
58957
58958
58959
58963
58972
58976
58980
58981
58983
58987
58988
58993
58996
58999
59007
59009
59010
59012
59014
59017
59022
59023
59024
59028
59035
59036
59037
59040
59041
59043
59049
59050
59055
59056
59062
59069
59070
59071
59073
59075
59076
59080
59085
59087
59088
59090
59092
59093
59097
59098
59102
59103
59112
59116
59118
59119
59121
59124
59126
59128
59132
59136
59137
59138
59140
59141
59142
59144
59145
59149
59157
59161
59168
59171
59172
59174
59175
59176
59177
59182
59187
59190
59191
59193
59197
59199
59204
59207
59209
59210
59214
59215
59217
59218
59224
59225
59227
59229
59230
59231
59234
59237
59241
59242
59243
59250
59251
59254
59255
59265
59266
59267
59271
59273
59282
59285
59288
59294
59295
59296
59304
59308
59309
59313
59315
59317
59324
59327
59331
59334
59338
59339
59343
59347
59348
59352
59355
59359
59364
59365
59367
59372
59379
59381
59384
59385
59386
59388
59391
59392
59394
59399
59401
59403
59405
59407
59408
59410
59429
59431
59432
59433
59434
59435
59444
59446
59447
59449
59450
59451
59452
59453
59454
59462
59465
59467
59469
59474
59476
59478
59479
59485
59486
59488
59489
59490
59493
59494
59498
59499
59500
59502
59504
59505
59506
59508
59510
59511
59513
59514
59515
59517
59518
59523
59526
59529
59531
59533
59537
59539
59540
59542
59543
59544
59545
59549
59550
59552
59554
59557
59559
59560
59562
59574
59576
59581
59582
59583
59584
59589
59597
59600
59601
59609
59610
59613
59615
59617
59618
59622
59624
59626
59629
59632
59635
59637
59639
59640
59642
59643
59647
59654
59657
59661
59666
59668
59669
59670
59671
59676
59678
59682
59684
59689
59692
59696
59699
59700
59709
59710
59712
59714
59716
59717
59724
59728
59732
59733
59736
59737
59738
59739
59740
59745
59750
59752
59753
59760
59761
59768
59774
59778
59785
59794
59797
59800
59803
59805
59806
59808
59809
59815
59818
59823
59824
59825
59826
59827
59829
59831
59833
59835
59836
59840
59841
59842
59844
59845
59849
59853
59854
59855
59860
59865
59867
59868
59870
59871
59875
59876
59879
59882
59884
59886
59887
59890
59891
59892
59894
59897
59903
59911
59914
59915
59917
59918
59922
59923
59924
59927
59929
59930
59932
59933
59936
59939
59940
59941
59942
59943
59944
59945
59948
59950
59951
59966
59969
59970
59980
59987
59993
59994
59995
59996
59997
59998
60003
60004
60006
60011
60013
60018
60019
60026
60029
60031
60033
60037
60039
60041
60042
60049
60051
60054
60055
60059
60065
60066
60067
60068
60073
60083
60090
60092
60097
60098
60100
60101
60104
60109
60110
60120
60122
60129
60131
60132
60134
60135
60136
60138
60139
60140
60141
60146
60156
60157
60158
60159
60161
60163
60165
60166
60170
60172
60173
60175
60179
60180
60184
60185
60190
60197
60199
60210
60212
60213
60216
60218
60222
60224
60226
60227
60234
60237
60238
60239
60240
60242
60245
60246
60254
60255
60257
60258
60261
60263
60266
60267
60268
60271
60273
60275
60276
60277
60279
60280
60285
60286
60288
60289
60292
60293
60298
60299
60300
60305
60306
60312
60318
60320
60321
60322
60323
60325
60333
60335
60338
60345
60347
60351
60352
60353
60355
60356
60358
60360
60361
60362
60363
60364
60366
60369
60372
60374
60376
60379
60387
60389
60390
60391
60394
60397
60400
60403
60404
60406
60408
60412
60414
60416
60422
60426
60427
60429
60435
60436
60442
60445
60447
60448
60453
60457
60458
60459
60465
60466
60467
60468
60470
60471
60472
60473
60476
60477
60478
60479
60481
60482
60484
60487
60488
60489
60491
60495
60497
60500
60501
60503
60504
60507
60509
60516
60518
60520
60521
60523
60526
60528
60529
60542
60544
60545
60546
60550
60552
60554
60556
60559
60560
60564
60565
60566
60568
60569
60575
60577
60578
60582
60583
60584
60590
60591
60593
60598
60601
60602
60612
60614
60622
60628
60629
60631
60634
60635
60640
60643
60644
60651
60658
60662
60666
60670
60675
60680
60683
60685
60687
60688
60689
60690
60692
60693
60694
60696
60697
60699
60700
60702
60703
60707
60714
60719
60722
60726
60729
60730
60733
60735
60736
60738
60739
60742
60744
60746
60750
60755
60756
60757
60759
60764
60770
60771
60775
60776
60780
60781
60783
60784
60785
60786
60792
60793
60797
60805
60806
60807
60809
60812
60814
60815
60816
60819
60820
60821
60826
60828
60829
60834
60839
60845
60847
60850
60852
60854
60862
60865
60866
60868
60870
60876
60881
60882
60883
60885
60889
60891
60892
60895
60905
60908
60911
60912
60919
60921
60922
60924
60925
60932
60935
60936
60937
60938
60939
60940
60943
60944
60945
60950
60956
60958
60961
60963
60966
60967
60971
60972
60973
60975
60976
60979
60980
60988
60991
60993
60995
60996
60999
61002
61005
61007
61008
61010
61013
61019
61021
61027
61028
61029
61030
61031
61032
61037
61038
61049
61050
61051
61065
61069
61073
61074
61075
61079
61086
61095
61103
61105
61107
61108
61112
61113
61116
61120
61126
61133
61135
61137
61138
61141
61144
61145
61146
61147
61148
61153
61155
61161
61163
61165
61191
61195
61198
61199
61203
61205
61209
61210
61211
61213
61226
61227
61228
61230
61232
61236
61237
61239
61240
61245
61249
61253
61254
61259
61261
61263
61264
61265
61274
61276
61280
61282
61284
61286
61287
61288
61295
61296
61297
61300
61303
61307
61315
61319
61323
61327
61328
61329
61330
61333
61336
61342
61345
61346
61352
61355
61361
61363
61364
61366
61367
61368
61369
61380
61382
61383
61384
61386
61387
61389
61390
61391
61393
61394
61396
61399
61400
61403
61405
61411
61413
61416
61429
61430
61432
61433
61434
61440
61442
61444
61446
61447
61449
61450
61454
61456
61457
61463
61466
61468
61476
61477
61482
61483
61485
61492
61493
61498
61499
61500
61501
61502
61503
61507
61516
61520
61521
61522
61523
61525
61527
61530
61533
61535
61536
61538
61539
61540
61543
61544
61545
61546
61551
61552
61553
61557
61565
61569
61570
61574
61576
61582
61586
61587
61590
61593
61594
61598
61601
61602
61603
61607
61608
61610
61612
61613
61614
61620
61621
61622
61624
61629
61631
61632
61633
61635
61636
61637
61641
61642
61644
61645
61646
61650
61651
61658
61659
61662
61663
61667
61670
61671
61674
61677
61678
61681
61684
61685
61686
61687
61689
61692
61694
61695
61696
61698
61700
61712
61720
61725
61726
61731
61738
61742
61746
61747
61752
61759
61765
61766
61768
61772
61774
61778
61779
61785
61786
61788
61789
61790
61791
61794
61798
61799
61801
61804
61806
61807
61809
61810
61811
61815
61816
61818
61819
61822
61823
61835
61838
61842
61845
61846
61847
61850
61860
61863
61866
61869
61872
61873
61877
61878
61879
61880
61887
61889
61892
61897
61901
61902
61905
61909
61911
61913
61914
61915
61921
61923
61924
61925
61931
61932
61933
61934
61941
61942
61944
61946
61948
61951
61955
61956
61958
61963
61964
61966
61969
61970
61971
61972
61983
61984
61985
61987
61990
61992
61995
62001
62004
62009
62014
62019
62020
62023
62024
62027
62034
62036
62039
62040
62041
62043
62049
62052
62056
62059
62060
62061
62062
62064
62069
62073
62075
62076
62078
62082
62083
62084
62085
62086
62088
62093
62095
62096
62097
62104
62105
62108
62112
62113
62117
62124
62125
62126
62132
62133
62135
62137
62138
62139
62140
62142
62143
62149
62151
62154
62166
62167
62168
62169
62170
62171
62174
62178
62180
62181
62183
62187
62189
62193
62196
62197
62198
62206
62208
62213
62228
62229
62230
62231
62234
62235
62236
62237
62240
62241
62243
62244
62251
62254
62258
62259
62260
62261
62262
62266
62269
62273
62274
62278
62279
62285
62287
62291
62293
62294
62296
62297
62298
62300
62302
62304
62305
62307
62309
62311
62312
62314
62316
62317
62318
62321
62325
62326
62327
62328
62329
62332
62336
62342
62343
62344
62355
62356
62358
62362
62363
62364
62365
62368
62369
62374
62375
62377
62380
62385
62388
62391
62392
62398
62399
62404
62405
62406
62409
62411
62413
62414
62416
62421
62423
62424
62429
62434
62437
62441
62442
62443
62446
62449
62452
62455
62457
62458
62460
62462
62463
62465
62479
62481
62487
62488
62491
62494
62495
62501
62507
62509
62512
62514
62518
62520
62526
62527
62531
62532
62534
62538
62546
62549
62550
62553
62560
62567
62572
62577
62579
62583
62584
62586
62587
62588
62589
62592
62595
62597
62605
62607
62609
62610
62611
62618
62621
62622
62623
62625
62626
62629
62631
62633
62634
62636
62637
62638
62639
62641
62643
62649
62653
62657
62664
62667
62676
62679
62680
62683
62685
62686
62689
62691
62695
62696
62697
62699
62700
62701
62704
62706
62708
62712
62715
62719
62720
62721
62724
62727
62729
62732
62737
62741
62743
62744
62747
62751
62753
62754
62755
62758
62761
62762
62763
62765
62766
62768
62770
62771
62776
62778
62782
62786
62787
62788
62790
62792
62795
62796
62798
62801
62805
62807
62808
62810
62813
62814
62817
62819
62820
62824
62828
62830
62833
62834
62840
62841
62848
62856
62861
62863
62871
62882
62883
62885
62886
62887
62893
62896
62898
62900
62904
62905
62910
62911
62912
62919
62922
62923
62924
62929
62930
62932
62937
62938
62941
62943
62944
62946
62948
62949
62951
62953
62955
62957
62959
62963
62964
62966
62970
62971
62975
62978
62980
62981
62982
62984
62985
62991
62993
62997
63000
63001
63003
63004
63007
63008
63010
63011
63016
63019
63029
63030
63032
63034
63040
63043
63044
63049
63057
63062
63064
63067
63070
63072
63074
63080
63083
63090
63094
63096
63097
63098
63099
63101
63102
63106
63109
63110
63113
63117
63118
63119
63123
63130
63132
63137
63139
63144
63145
63149
63160
63162
63164
63165
63166
63169
63171
63174
63179
63180
63184
63187
63188
63192
63193
63197
63200
63203
63205
63208
63214
63215
63218
63219
63222
63224
63226
63227
63228
63230
63232
63234
63241
63247
63248
63254
63257
63258
63261
63266
63270
63276
63278
63280
63281
63282
63284
63285
63291
63292
63296
63297
63309
63310
63317
63319
63326
63327
63328
63330
63331
63332
63335
63337
63339
63340
63341
63348
63350
63352
63353
63356
63358
63360
63366
63368
63371
63375
63379
63381
63385
63387
63391
63393
63403
63409
63410
63415
63417
63418
63419
63421
63424
63425
63429
63430
63432
63433
63442
63444
63449
63452
63453
63456
63460
63464
63471
63472
63476
63479
63486
63487
63489
63490
63492
63501
63503
63504
63506
63511
63512
63519
63520
63521
63522
63525
63528
63531
63532
63536
63542
63547
63550
63558
63559
63561
63562
63565
63566
63568
63574
63575
63576
63581
63582
63584
63587
63592
63595
63600
63601
63603
63605
63606
63611
63613
63618
63619
63620
63624
63626
63634
63636
63638
63641
63645
63647
63649
63653
63656
63658
63659
63661
63667
63669
63670
63671
63674
63679
63682
63686
63687
63690
63693
63703
63704
63705
63710
63711
63712
63713
63714
63716
63717
63718
63723
63724
63725
63727
63728
63730
63731
63733
63737
63738
63740
63744
63745
63764
63767
63768
63774
63778
63779
63785
63786
63798
63799
63802
63805
63809
63812
63815
63816
63818
63821
63824
63826
63829
63833
63834
63836
63839
63840
63842
63844
63845
63847
63852
63853
63854
63856
63860
63862
63865
63869
63871
63881
63882
63885
63887
63893
63897
63898
63901
63903
63908
63910
63913
63915
63918
63921
63926
63927
63930
63931
63933
63938
63942
63946
63947
63949
63954
63957
63961
63967
63970
63973
63974
63975
63976
63978
63980
63985
63987
63990
63993
63995
64001
64005
64006
64008
64013
64021
64023
64024
64026
64028
64034
64035
64037
64039
64040
64041
64042
64045
64048
64051
64053
64055
64057
64058
64060
64069
64070
64072
64073
64074
64076
64077
64080
64090
64094
64104
64106
64108
64109
64111
64115
64120
64121
64123
64125
64127
64128
64131
64133
64134
64136
64138
64140
64143
64145
64146
64151
64154
64157
64159
64160
64162
64164
64167
64169
64171
64173
64179
64180
64182
64188
64190
64191
64193
64195
64198
64200
64201
64202
64203
64204
64206
64208
64213
64216
64219
64226
64227
64229
64239
64241
64242
64243
64244
64249
64252
64254
64255
64258
64262
64263
64273
64281
64282
64283
64287
64289
64290
64291
64298
64301
64302
64303
64307
64309
64311
64312
64313
64316
64319
64320
64325
64326
64328
64330
64333
64334
64336
64341
64343
64345
64346
64347
64348
64349
64351
64358
64359
64362
64369
64373
64375
64376
64379
64383
64386
64387
64388
64389
64390
64391
64396
64398
64401
64403
64404
64410
64415
64416
64422
64423
64425
64433
64437
64440
64442
64444
64446
64448
64453
64454
64455
64459
64462
64463
64467
64472
64476
64481
64483
64485
64487
64494
64495
64499
64506
64512
64522
64524
64526
64528
64532
64533
64538
64543
64548
64549
64550
64552
64558
64559
64561
64562
64568
64569
64570
64574
64575
64579
64583
64584
64588
64590
64591
64595
64596
64599
64600
64603
64604
64605
64606
64607
64608
64610
64614
64615
64616
64618
64621
64624
64625
64627
64633
64635
64645
64650
64651
64661
64662
64666
64673
64676
64678
64679
64681
64682
64683
64687
64688
64689
64694
64697
64699
64700
64701
64702
64706
64708
64713
64714
64715
64723
64725
64726
64731
64736
64738
64744
64746
64750
64751
64754
64755
64756
64759
64760
64762
64764
64770
64774
64776
64777
64779
64790
64794
64797
64798
64800
64804
64805
64806
64811
64814
64815
64816
64817
64818
64819
64821
64823
64825
64829
64831
64832
64834
64835
64836
64838
64839
64843
64844
64847
64850
64852
64855
64856
64861
64864
64872
64874
64882
64885
64886
64888
64891
64897
64899
64901
64904
64910
64911
64913
64914
64915
64917
64920
64922
64929
64932
64937
64940
64941
64942
64944
64945
64948
64950
64952
64954
64956
64958
64960
64961
64962
64963
64966
64969
64973
64974
64979
64985
64990
64994
64997
64998
65001
65002
65003
65007
65019
65020
65022
65024
65028
65030
65031
65041
65042
65043
65059
65060
65063
65068
65071
65077
65079
65081
65084
65085
65088
65094
65096
65098
65103
65105
65109
65119
65120
65127
65128
65130
65132
65134
65137
65138
65139
65141
65144
65147
65150
65151
65152
65154
65157
65162
65164
65169
65172
65173
65174
65175
65177
65178
65179
65180
65181
65184
65189
65190
65194
65199
65202
65205
65210
65214
65217
65219
65222
65223
65225
65229
65232
65239
65244
65245
65246
65250
65251
65256
65257
65259
65263
65264
65266
65267
65268
65269
65272
65274
65275
65276
65283
65285
65290
65294
65298
65304
65305
65306
65309
65311
65312
65313
65316
65317
65319
65322
65325
65326
65332
65335
65337
65338
65339
65340
65342
65345
65352
65353
65357
65358
65363
65365
65369
65372
65378
65384
65386
65387
65389
65392
65394
65397
65400
65405
65406
65408
65411
65414
65415
65420
65425
65434
65439
65441
65442
65446
65451
65461
65463
65464
65465
65469
65473
65478
65481
65482
65487
65489
65490
65493
65495
65496
65497
65498
65499
65500
65501
65509
65512
65513
65517
65524
65526
65529
65531
65534
65538
65542
65543
65546
65548
65552
65557
65562
65573
65575
65581
65582
65584
65585
65588
65590
65591
65593
65594
65597
65598
65599
65601
65606
65609
65611
65612
65616
65618
65623
65625
65626
65630
65633
65634
65635
65637
65638
65641
65644
65646
65651
65653
65655
65656
65657
65660
65662
65669
65672
65681
65690
65692
65693
65694
65703
65706
65709
65710
65711
65713
65714
65715
65720
65721
65722
65724
65726
65728
65729
65734
65735
65738
65743
65749
65752
65756
65757
65758
65761
65765
65770
65771
65774
65775
65779
65782
65785
65786
65788
65789
65790
65792
65793
65794
65801
65804
65812
65813
65814
65815
65823
65824
65826
65827
65829
65832
65833
65837
65838
65844
65848
65850
65851
65856
65857
65858
65860
65861
65864
65870
65876
65878
65883
65885
65886
65892
65896
65901
65903
65909
65912
65918
65920
65921
65922
65926
65927
65932
65937
65938
65940
65941
65944
65945
65948
65950
65955
65956
65966
65967
65973
65974
65975
65982
65983
65985
65986
65987
65994
65999
66002
66005
66007
66008
66009
66012
66022
66027
66029
66034
66038
66044
66052
66054
66055
66059
66063
66064
66065
66071
66073
66074
66078
66080
66095
66100
66103
66107
66109
66117
66127
66128
66131
66132
66135
66141
66144
66146
66148
66150
66152
66153
66155
66157
66158
66159
66160
66161
66163
66167
66171
66172
66175
66177
66181
66184
66187
66188
66194
66198
66202
66209
66212
66214
66217
66218
66219
66224
66230
66231
66232
66233
66238
66239
66240
66242
66243
66244
66248
66249
66251
66252
66269
66271
66281
66282
66287
66298
66303
66306
66307
66308
66310
66311
66319
66320
66321
66322
66323
66324
66325
66326
66327
66328
66330
66334
66335
66336
66337
66338
66341
66344
66345
66347
66350
66351
66352
66357
66360
66361
66364
66365
66367
66370
66371
66376
66389
66391
66394
66402
66404
66406
66407
66412
66413
66414
66418
66420
66429
66431
66433
66434
66438
66439
66443
66445
66447
66448
66457
66460
66463
66465
66467
66470
66473
66476
66480
66483
66485
66489
66491
66499
66503
66504
66505
66508
66509
66510
66516
66519
66530
66532
66536
66537
66540
66544
66549
66552
66553
66558
66559
66564
66565
66568
66576
66577
66579
66580
66581
66584
66586
66588
66591
66592
66593
66594
66595
66597
66600
66609
66615
66616
66617
66629
66633
66634
66636
66640
66641
66649
66651
66658
66662
66664
66675
66679
66680
66682
66690
66691
66695
66702
66706
66708
66711
66713
66714
66715
66722
66725
66726
66727
66728
66729
66730
66739
66740
66742
66743
66744
66745
66746
66754
66755
66756
66757
66761
66763
66764
66765
66767
66768
66769
66773
66781
66782
66785
66788
66789
66791
66793
66795
66798
66799
66800
66803
66814
66821
66828
66833
66835
66836
66841
66842
66848
66849
66856
66857
66860
66868
66869
66870
66872
66874
66875
66877
66879
66880
66882
66884
66885
66886
66887
66895
66900
66902
66905
66909
66910
66913
66924
66925
66933
66935
66938
66939
66944
66952
66956
66957
66961
66962
66965
66968
66973
66976
66978
66979
66983
66986
66988
66995
67003
67006
67008
67010
67011
67017
67019
67022
67023
67024
67025
67030
67034
67038
67039
67041
67043
67046
67052
67054
67055
67056
67058
67063
67064
67065
67072
67074
67076
67079
67080
67084
67085
67089
67091
67092
67094
67102
67109
67116
67118
67124
67126
67128
67129
67132
67133
67138
67139
67140
67144
67145
67147
67154
67157
67170
67171
67172
67173
67174
67175
67178
67180
67181
67185
67186
67194
67195
67196
67203
67205
67206
67210
67211
67214
67217
67219
67220
67226
67228
67229
67230
67232
67234
67235
67236
67238
67244
67248
67251
67257
67264
67267
67268
67274
67277
67278
67283
67284
67288
67292
67295
67297
67299
67300
67301
67304
67306
67307
67309
67312
67318
67319
67324
67336
67337
67344
67345
67350
67355
67356
67358
67369
67370
67375
67379
67381
67383
67385
67386
67387
67389
67394
67399
67401
67402
67409
67412
67418
67424
67433
67438
67440
67441
67444
67447
67448
67453
67455
67456
67459
67464
67469
67473
67475
67476
67481
67487
67489
67490
67495
67501
67503
67504
67505
67511
67515
67518
67519
67520
67521
67524
67525
67527
67528
67531
67541
67542
67546
67548
67550
67551
67553
67559
67566
67570
67571
67574
67579
67580
67581
67586
67587
67590
67591
67592
67599
67602
67604
67606
67614
67615
67622
67623
67625
67628
67631
67635
67638
67642
67645
67647
67648
67649
67654
67663
67664
67665
67666
67668
67670
67671
67673
67678
67680
67689
67690
67691
67694
67695
67697
67700
67704
67708
67709
67713
67714
67716
67720
67721
67722
67726
67729
67731
67737
67739
67740
67743
67745
67747
67748
67750
67752
67755
67765
67769
67770
67771
67773
67774
67775
67781
67782
67784
67786
67789
67793
67802
67803
67807
67814
67815
67817
67818
67821
67826
67827
67828
67830
67831
67832
67843
67845
67847
67850
67851
67854
67855
67858
67860
67865
67872
67875
67884
67887
67894
67895
67897
67899
67900
67906
67907
67911
67913
67915
67916
67921
67922
67926
67927
67929
67934
67935
67940
67941
67943
67944
67948
67951
67953
67955
67959
67973
67978
67981
67983
67984
67988
67990
67997
68002
68003
68008
68009
68011
68014
68015
68017
68019
68022
68024
68026
68028
68030
68032
68034
68036
68042
68044
68045
68049
68051
68053
68059
68065
68066
68069
68072
68076
68079
68080
68081
68083
68085
68086
68088
68092
68094
68096
68099
68103
68105
68112
68117
68118
68124
68125
68126
68131
68135
68137
68139
68142
68145
68146
68148
68154
68163
68165
68166
68168
68170
68174
68184
68188
68191
68194
68208
68211
68218
68219
68220
68227
68228
68233
68234
68239
68241
68244
68245
68247
68248
68252
68255
68266
68270
68272
68279
68281
68284
68286
68289
68290
68291
68297
68298
68300
68302
68309
68312
68315
68316
68320
68322
68323
68329
68331
68334
68336
68338
68342
68346
68349
68354
68355
68356
68359
68360
68361
68367
68369
68371
68372
68373
68375
68386
68388
68390
68394
68395
68396
68397
68402
68405
68412
68413
68417
68420
68421
68422
68424
68430
68431
68434
68439
68448
68452
68453
68457
68458
68461
68462
68463
68465
68466
68469
68470
68471
68476
68480
68481
68484
68488
68491
68496
68497
68498
68499
68502
68510
68516
68517
68520
68522
68526
68529
68530
68534
68539
68542
68544
68554
68555
68561
68568
68569
68572
68578
68581
68586
68587
68588
68589
68595
68600
68605
68607
68613
68614
68621
68625
68626
68628
68631
68632
68635
68639
68640
68641
68642
68643
68647
68648
68652
68654
68656
68658
68664
68668
68672
68674
68675
68676
68680
68687
68689
68694
68701
68704
68710
68711
68712
68714
68719
68721
68727
68732
68737
68741
68744
68745
68754
68763
68767
68770
68771
68773
68777
68783
68792
68802
68803
68812
68815
68818
68827
68829
68831
68833
68835
68836
68841
68843
68844
68846
68852
68855
68858
68859
68866
68868
68870
68876
68882
68886
68889
68890
68891
68894
68896
68897
68901
68905
68914
68915
68917
68924
68925
68929
68935
68937
68938
68939
68941
68943
68947
68948
68950
68951
68952
68957
68959
68962
68964
68967
68968
68969
68974
68975
68984
68990
68991
68994
68995
68999
69000
69001
69006
69009
69011
69013
69021
69022
69023
69024
69031
69033
69036
69039
69040
69049
69050
69051
69052
69053
69058
69061
69062
69063
69064
69067
69069
69072
69078
69081
69084
69087
69089
69090
69092
69098
69100
69101
69104
69105
69107
69108
69109
69112
69113
69115
69125
69128
69130
69132
69138
69141
69142
69143
69144
69149
69152
69153
69159
69162
69164
69169
69176
69177
69180
69181
69183
69184
69192
69195
69200
69203
69206
69208
69211
69220
69223
69224
69226
69231
69234
69238
69242
69243
69244
69245
69248
69249
69252
69253
69255
69265
69267
69268
69269
69270
69271
69273
69274
69275
69278
69281
69289
69292
69295
69296
69298
69299
69301
69305
69307
69308
69311
69315
69319
69321
69322
69328
69330
69335
69340
69342
69345
69350
69354
69355
69359
69364
69367
69369
69370
69374
69376
69377
69379
69385
69386
69389
69392
69393
69400
69402
69405
69406
69407
69410
69414
69417
69419
69425
69426
69428
69430
69431
69432
69433
69434
69435
69436
69438
69441
69442
69445
69446
69449
69452
69453
69454
69456
69458
69460
69463
69464
69466
69468
69469
69473
69475
69477
69479
69480
69481
69482
69484
69486
69488
69489
69493
69494
69496
69498
69501
69502
69504
69505
69506
69511
69514
69515
69516
69517
69518
69522
69523
69525
69532
69533
69536
69540
69542
69543
69545
69547
69552
69554
69566
69567
69569
69572
69574
69578
69583
69588
69591
69595
69598
69603
69604
69609
69612
69614
69615
69619
69620
69621
69625
69627
69628
69631
69637
69638
69639
69641
69644
69650
69660
69662
69665
69666
69668
69669
69675
69679
69682
69692
69695
69696
69699
69701
69709
69714
69716
69723
69724
69727
69735
69737
69738
69739
69741
69744
69745
69748
69755
69759
69762
69764
69765
69768
69769
69772
69773
69777
69781
69787
69788
69793
69794
69798
69799
69804
69805
69812
69813
69821
69822
69824
69827
69830
69831
69832
69833
69834
69840
69843
69847
69848
69849
69853
69855
69859
69867
69869
69879
69880
69883
69886
69892
69897
69898
69905
69907
69909
69913
69916
69917
69920
69921
69923
69927
69930
69938
69940
69942
69945
69947
69951
69953
69958
69961
69963
69964
69969
69970
69976
69978
69979
69983
69996
69998
70003
70006
70018
70020
70032
70042
70046
70051
70062
70072
70073
70090
70093
70094
70096
70097
70098
70110
70112
70116
70118
70120
70123
70126
70133
70134
70139
70141
70142
70145
70150
70153
70156
70157
70161
70168
70172
70173
70178
70180
70188
70193
70194
70196
70198
70199
70202
70203
70205
70206
70207
70208
70209
70211
70212
70215
70217
70218
70221
70227
70229
70232
70233
70235
70237
70238
70244
70246
70248
70252
70253
70255
70256
70261
70263
70264
70266
70267
70268
70270
70272
70276
70278
70290
70292
70297
70298
70299
70307
70313
70315
70322
70323
70325
70327
70329
70336
70337
70338
70344
70348
70349
70355
70358
70360
70364
70368
70370
70371
70374
70376
70378
70381
70382
70383
70385
70387
70390
70391
70392
70402
70403
70404
70410
70416
70417
70421
70422
70431
70433
70435
70438
70439
70442
70446
70449
70453
70454
70457
70463
70466
70469
70470
70471
70473
70474
70475
70476
70478
70481
70484
70485
70487
70490
70491
70492
70507
70510
70513
70514
70515
70518
70521
70523
70524
70526
70527
70528
70529
70531
70534
70535
70540
70541
70543
70545
70547
70549
70550
70554
70556
70558
70561
70566
70571
70572
70573
70575
70576
70580
70585
70588
70591
70592
70594
70605
70609
70611
70614
70617
70618
70626
70627
70628
70629
70631
70641
70644
70645
70648
70653
70655
70661
70664
70665
70666
70672
70676
70678
70687
70688
70689
70691
70696
70697
70698
70699
70700
70701
70702
70703
70704
70706
70714
70721
70723
70725
70728
70729
70731
70732
70735
70740
70742
70753
70754
70755
70757
70758
70760
70761
70764
70765
70770
70771
70774
70788
70795
70798
70807
70808
70809
70810
70811
70813
70815
70818
70821
70822
70824
70827
70828
70834
70839
70840
70845
70848
70850
70851
70853
70854
70857
70859
70861
70862
70864
70876
70882
70883
70884
70891
70892
70894
70897
70898
70901
70902
70903
70905
70910
70912
70915
70916
70921
70922
70923
70928
70932
70937
70939
70941
70942
70944
70946
70948
70950
70951
70964
70966
70967
70971
70973
70975
70979
70984
70986
70988
70990
70992
70996
70997
70998
71001
71005
71006
71015
71016
71017
71028
71029
71031
71033
71036
71037
71039
71044
71047
71048
71049
71052
71053
71055
71057
71058
71060
71062
71064
71066
71072
71073
71078
71079
71082
71083
71087
71088
71093
71096
71097
71101
71103
71105
71116
71119
71121
71122
71126
71128
71129
71133
71136
71141
71142
71143
71144
71145
71147
71151
71152
71157
71158
71160
71163
71164
71166
71171
71174
71176
71179
71187
71188
71190
71192
71193
71196
71202
71203
71204
71205
71206
71207
71213
71214
71219
71222
71230
71235
71244
71247
71255
71256
71259
71261
71265
71266
71268
71269
71273
71275
71279
71285
71287
71290
71291
71301
71306
71309
71314
71316
71317
71318
71319
71320
71323
71324
71326
71328
71329
71335
71339
71340
71346
71354
71357
71359
71368
71369
71370
71372
71373
71376
71378
71384
71387
71389
71394
71395
71403
71405
71406
71408
71411
71415
71419
71420
71422
71426
71428
71432
71433
71435
71436
71437
71439
71442
71445
71447
71448
71451
71452
71455
71457
71458
71464
71465
71466
71470
71474
71477
71479
71481
71483
71488
71489
71492
71495
71499
71501
71507
71511
71512
71518
71522
71523
71525
71528
71533
71538
71541
71545
71546
71547
71548
71552
71553
71570
71575
71576
71580
71584
71585
71586
71587
71590
71592
71594
71599
71601
71602
71603
71604
71605
71614
71622
71624
71626
71630
71631
71632
71641
71645
71647
71649
71653
71654
71655
71659
71660
71662
71664
71666
71674
71679
71680
71684
71685
71686
71688
71698
71702
71703
71704
71715
71717
71720
71728
71735
71739
71741
71743
71746
71750
71751
71759
71761
71763
71766
71767
71772
71774
71779
71781
71786
71793
71796
71798
71801
71802
71803
71805
71807
71808
71810
71812
71816
71823
71825
71828
71829
71830
71835
71836
71838
71840
71847
71849
71850
71853
71854
71855
71860
71862
71867
71868
71877
71878
71884
71890
71891
71893
71895
71896
71898
71903
71908
71911
71915
71917
71923
71931
71932
71934
71937
71945
71946
71959
71960
71962
71972
71977
71979
71983
71984
71995
71998
71999
72002
72005
72009
72010
72014
72017
72019
72020
72029
72031
72032
72033
72034
72039
72043
72046
72047
72048
72049
72051
72052
72054
72056
72059
72060
72063
72064
72066
72067
72070
72072
72073
72075
72077
72081
72083
72084
72086
72091
72098
72101
72102
72103
72105
72108
72109
72112
72113
72115
72116
72118
72121
72122
72123
72127
72128
72132
72143
72146
72149
72152
72156
72162
72166
72170
72173
72179
72181
72182
72184
72185
72198
72204
72207
72210
72213
72216
72218
72228
72237
72239
72242
72247
72248
72249
72251
72252
72256
72258
72259
72271
72280
72284
72285
72288
72292
72293
72296
72303
72305
72308
72314
72318
72322
72323
72325
72335
72345
72346
72354
72361
72364
72365
72367
72368
72370
72371
72372
72373
72375
72379
72380
72382
72384
72386
72387
72388
72391
72398
72400
72404
72405
72407
72410
72412
72432
72434
72437
72441
72444
72451
72454
72469
72470
72472
72473
72475
72476
72479
72490
72494
72496
72499
72502
72525
72530
72532
72536
72539
72541
72548
72550
72553
72555
72556
72559
72560
72569
72571
72572
72582
72588
72592
72595
72599
72602
72604
72606
72607
72609
72611
72612
72617
72619
72620
72622
72624
72631
72632
72637
72643
72645
72651
72652
72653
72657
72665
72669
72671
72674
72675
72676
72677
72681
72682
72686
72693
72694
72697
72699
72700
72702
72707
72708
72710
72711
72716
72719
72720
72721
72723
72725
72727
72730
72731
72734
72735
72745
72754
72755
72757
72762
72769
72770
72772
72773
72777
72783
72786
72805
72806
72808
72811
72814
72815
72817
72832
72836
72838
72840
72844
72847
72854
72858
72860
72861
72866
72868
72869
72876
72877
72880
72885
72887
72888
72889
72891
72895
72896
72906
72909
72911
72912
72913
72915
72916
72921
72924
72927
72930
72938
72939
72942
72947
72949
72960
72961
72963
72964
72965
72972
72975
72978
72981
72983
72991
72993
72998
73002
73005
73008
73013
73016
73019
73023
73028
73033
73034
73039
73043
73047
73048
73052
73053
73054
73059
73060
73062
73066
73071
73074
73075
73078
73090
73093
73095
73099
73113
73115
73116
73117
73118
73120
73123
73126
73129
73130
73133
73135
73141
73142
73146
73148
73150
73152
73154
73155
73158
73160
73163
73165
73171
73172
73173
73176
73177
73185
73187
73189
73190
73192
73197
73200
73206
73209
73210
73211
73213
73216
73218
73219
73223
73228
73229
73231
73233
73234
73236
73237
73246
73248
73254
73257
73259
73260
73261
73262
73270
73272
73273
73274
73278
73280
73285
73288
73289
73290
73294
73296
73298
73300
73301
73306
73309
73310
73312
73314
73315
73317
73321
73326
73330
73331
73336
73339
73340
73341
73342
73344
73346
73347
73348
73352
73353
73354
73355
73356
73359
73360
73361
73364
73371
73372
73373
73379
73380
73385
73387
73388
73394
73396
73401
73402
73403
73405
73406
73409
73410
73414
73421
73422
73438
73439
73442
73450
73451
73455
73456
73460
73465
73467
73470
73471
73472
73477
73482
73486
73495
73499
73502
73504
73508
73509
73513
73516
73518
73530
73531
73533
73535
73540
73541
73544
73545
73546
73549
73551
73552
73555
73560
73568
73570
73571
73573
73574
73582
73583
73585
73592
73595
73596
73597
73598
73602
73603
73606
73607
73608
73610
73613
73622
73624
73627
73629
73630
73635
73652
73655
73661
73662
73669
73672
73673
73675
73677
73680
73681
73682
73685
73699
73704
73705
73706
73707
73708
73709
73711
73713
73716
73720
73722
73723
73727
73735
73737
73739
73743
73745
73747
73754
73755
73756
73759
73762
73766
73770
73779
73788
73791
73795
73797
73799
73801
73802
73809
73817
73825
73826
73828
73829
73830
73832
73834
73845
73846
73847
73853
73861
73862
73870
73872
73877
73883
73885
73892
73895
73896
73897
73906
73907
73908
73911
73912
73916
73917
73918
73920
73928
73933
73935
73936
73938
73941
73945
73948
73950
73951
73955
73956
73957
73959
73962
73966
73969
73971
73972
73977
73982
73989
73990
73991
73992
74000
74003
74004
74011
74012
74017
74021
74022
74026
74027
74030
74031
74032
74035
74036
74037
74038
74040
74042
74043
74046
74048
74050
74051
74055
74060
74061
74062
74068
74072
74074
74078
74087
74089
74092
74104
74105
74106
74113
74117
74120
74122
74123
74124
74126
74129
74133
74146
74150
74151
74152
74157
74163
74167
74168
74170
74173
74178
74179
74182
74183
74190
74192
74193
74201
74202
74204
74206
74208
74214
74235
74238
74243
74244
74245
74247
74248
74251
74267
74270
74271
74285
74287
74288
74294
74298
74300
74302
74303
74308
74316
74319
74324
74325
74328
74330
74333
74345
74348
74352
74356
74358
74361
74379
74381
74384
74388
74393
74396
74399
74400
74404
74406
74408
74414
74422
74424
74431
74437
74438
74442
74448
74450
74451
74455
74459
74464
74466
74468
74472
74473
74477
74479
74483
74484
74487
74491
74493
74498
74499
74503
74504
74506
74509
74512
74513
74516
74517
74519
74528
74534
74537
74540
74543
74546
74551
74552
74553
74554
74555
74557
74558
74562
74563
74564
74566
74568
74569
74570
74571
74574
74575
74576
74578
74579
74581
74582
74587
74590
74593
74596
74597
74599
74601
74602
74603
74604
74611
74614
74622
74633
74634
74635
74646
74648
74649
74650
74656
74659
74661
74669
74671
74675
74684
74686
74689
74694
74696
74701
74702
74715
74717
74719
74723
74730
74731
74734
74735
74737
74740
74751
74755
74756
74757
74765
74767
74768
74770
74773
74781
74785
74788
74789
74799
74800
74806
74808
74812
74814
74821
74824
74827
74828
74839
74845
74849
74851
74852
74855
74862
74872
74874
74880
74881
74883
74887
74890
74891
74892
74901
74910
74915
74922
74923
74925
74926
74927
74946
74954
74961
74962
74966
74970
74972
74973
74983
74988
74991
74992
74995
75000
75007
75009
75010
75013
75014
75020
75021
75022
75024
75029
75034
75038
75039
75049
75050
75051
75053
75054
75055
75058
75062
75065
75085
75086
75091
75093
75094
75098
75102
75103
75106
75113
75119
75122
75124
75125
75130
75131
75136
75140
75142
75143
75144
75150
75151
75154
75159
75161
75162
75167
75175
75177
75179
75180
75188
75191
75193
75200
75201
75203
75206
75208
75211
75212
75213
75216
75223
75225
75230
75237
75238
75252
75257
75258
75259
75262
75263
75265
75272
75275
75277
75279
75283
75284
75286
75294
75296
75302
75305
75307
75310
75311
75315
75320
75323
75327
75329
75330
75332
75333
75335
75336
75343
75344
75345
75346
75352
75353
75356
75362
75364
75367
75370
75372
75374
75375
75376
75377
75382
75384
75389
75399
75401
75405
75412
75414
75416
75418
75419
75423
75425
75430
75431
75438
75442
75446
75452
75458
75459
75461
75463
75466
75467
75468
75476
75480
75485
75488
75491
75492
75495
75502
75503
75504
75505
75507
75509
75515
75516
75528
75537
75543
75544
75546
75549
75551
75555
75559
75560
75561
75566
75567
75570
75571
75576
75579
75580
75581
75582
75583
75585
75587
75588
75590
75593
75598
75600
75603
75604
75607
75608
75612
75619
75626
75629
75631
75635
75644
75645
75647
75649
75650
75651
75654
75655
75656
75660
75661
75663
75664
75667
75672
75674
75676
75677
75679
75682
75683
75689
75692
75695
75706
75708
75710
75711
75714
75715
75724
75728
75735
75736
75739
75740
75741
75743
75745
75748
75750
75751
75752
75755
75758
75759
75760
75764
75767
75768
75770
75772
75773
75782
75784
75785
75788
75789
75792
75798
75811
75818
75821
75823
75824
75828
75829
75830
75842
75843
75848
75857
75859
75861
75867
75874
75878
75879
75883
75884
75885
75887
75888
75889
75890
75892
75897
75898
75899
75900
75911
75913
75914
75918
75919
75920
75925
75926
75931
75940
75946
75948
75952
75959
75968
75969
75970
75972
75973
75983
75994
75996
75997
75999
76002
76014
76017
76018
76019
76023
76027
76029
76036
76037
76043
76046
76049
76051
76052
76057
76061
76063
76073
76074
76076
76078
76079
76081
76084
76087
76092
76094
76109
76111
76112
76115
76116
76118
76119
76127
76129
76135
76139
76142
76147
76148
76157
76159
76160
76161
76168
76170
76172
76173
76176
76177
76179
76181
76182
76184
76186
76190
76192
76195
76201
76206
76211
76217
76223
76225
76228
76242
76245
76247
76248
76249
76250
76256
76262
76269
76270
76276
76280
76282
76283
76286
76290
76291
76293
76296
76299
76303
76304
76305
76309
76310
76314
76320
76330
76340
76341
76342
76344
76345
76351
76353
76356
76358
76365
76366
76367
76370
76371
76375
76381
76382
76387
76388
76389
76396
76397
76399
76401
76402
76405
76410
76412
76416
76417
76418
76422
76425
76428
76432
76433
76435
76436
76443
76454
76456
76457
76458
76459
76467
76471
76475
76478
76481
76482
76487
76489
76493
76498
76500
76501
76503
76508
76511
76512
76514
76520
76521
76523
76528
76531
76532
76533
76534
76535
76536
76540
76552
76553
76555
76557
76558
76559
76560
76561
76564
76569
76578
76582
76586
76588
76591
76592
76593
76594
76598
76604
76610
76615
76622
76631
76633
76637
76640
76644
76645
76646
76650
76659
76660
76663
76665
76672
76674
76675
76693
76696
76698
76700
76702
76706
76707
76717
76720
76722
76727
76729
76737
76739
76740
76753
76754
76755
76758
76761
76762
76764
76765
76768
76770
76777
76778
76781
76784
76786
76787
76788
76792
76793
76802
76803
76808
76810
76812
76818
76820
76822
76824
76825
76827
76836
76837
76849
76850
76858
76859
76862
76866
76868
76877
76879
76880
76888
76890
76898
76899
76903
76907
76908
76911
76919
76924
76925
76931
76934
76936
76939
76945
76946
76947
76950
76954
76961
76964
76969
76976
76981
76982
76989
76990
76991
76993
76994
76996
77000
77003
77013
77018
77019
77028
77031
77033
77036
77041
77046
77047
77050
77051
77052
77058
77064
77069
77078
77083
77085
77089
77090
77094
77095
77096
77098
77099
77104
77107
77118
77120
77135
77136
77141
77143
77144
77146
77147
77150
77154
77157
77159
77165
77169
77174
77176
77182
77183
77194
77209
77217
77218
77225
77227
77228
77231
77236
77237
77242
77244
77245
77249
77252
77253
77258
77260
77265
77267
77274
77275
77278
77281
77296
77299
77303
77305
77309
77311
77312
77313
77315
77318
77320
77324
77328
77329
77330
77340
77342
77343
77347
77348
77352
77356
77360
77361
77362
77370
77374
77376
77380
77384
77387
77388
77391
77393
77396
77397
77398
77402
77411
77412
77414
77421
77423
77426
77427
77428
77430
77431
77434
77440
77446
77450
77456
77462
77463
77470
77471
77474
77476
77483
77484
77491
77493
77497
77500
77501
77506
77507
77511
77515
77517
77518
77522
77528
77530
77531
77532
77542
77544
77550
77554
77567
77573
77574
77586
77589
77596
77598
77600
77601
77603
77604
77607
77609
77616
77620
77622
77627
77629
77632
77633
77635
77638
77646
77649
77650
77653
77665
77666
77682
77684
77686
77688
77691
77695
77697
77702
77714
77717
77718
77719
77724
77726
77727
77731
77732
77733
77736
77742
77747
77748
77752
77753
77754
77757
77758
77769
77770
77771
77773
77774
77778
77785
77788
77789
77791
77793
77796
77797
77809
77814
77818
77819
77821
77822
77823
77826
77827
77841
77845
77846
77848
77852
77859
77862
77863
77865
77866
77869
77875
77876
77879
77880
77882
77883
77885
77890
77892
77899
77907
77911
77913
77916
77920
77923
77924
77926
77929
77931
77932
77935
77940
77943
77946
77949
77951
77952
77957
77959
77961
77971
77976
77981
77982
77987
77989
77991
77992
77996
78000
78002
78005
78011
78014
78016
78018
78019
78020
78021
78024
78025
78026
78029
78034
78037
78040
78042
78046
78053
78056
78062
78067
78078
78082
78083
78084
78091
78097
78105
78111
78112
78113
78118
78119
78125
78128
78130
78134
78140
78142
78143
78146
78148
78156
78157
78161
78168
78183
78185
78190
78192
78195
78197
78198
78200
78205
78207
78209
78210
78213
78219
78224
78230
78232
78233
78235
78236
78238
78242
78245
78246
78247
78249
78250
78252
78253
78257
78258
78263
78265
78266
78268
78272
78273
78274
78278
78279
78285
78286
78289
78290
78294
78295
78296
78297
78303
78304
78306
78312
78313
78317
78319
78321
78322
78324
78325
78329
78331
78334
78338
78340
78345
78349
78354
78357
78361
78365
78371
78377
78379
78381
78386
78387
78389
78395
78397
78398
78400
78403
78406
78407
78411
78415
78416
78417
78420
78421
78422
78423
78434
78435
78438
78439
78440
78441
78443
78450
78452
78454
78456
78458
78464
78472
78477
78479
78487
78489
78490
78493
78495
78503
78504
78512
78516
78519
78521
78526
78533
78535
78548
78551
78553
78555
78556
78557
78565
78566
78571
78572
78575
78582
78588
78589
78590
78592
78597
78600
78601
78606
78611
78612
78619
78622
78627
78631
78636
78640
78641
78643
78645
78651
78654
78655
78656
78659
78662
78666
78668
78673
78675
78676
78680
78683
78685
78686
78691
78693
78694
78699
78700
78701
78705
78723
78724
78728
78729
78732
78733
78736
78741
78752
78753
78759
78761
78780
78782
78784
78799
78800
78802
78803
78806
78812
78814
78824
78825
78827
78828
78830
78837
78838
78839
78840
78842
78844
78847
78853
78856
78858
78865
78869
78870
78874
78876
78885
78890
78904
78909
78910
78911
78913
78919
78922
78934
78949
78950
78953
78956
78957
78962
78966
78967
78975
78976
78977
78979
78989
78991
78992
79001
79008
79011
79012
79016
79021
79023
79029
79033
79036
79039
79042
79046
79047
79049
79056
79062
79063
79066
79071
79075
79077
79086
79089
79096
79100
79103
79107
79114
79120
79123
79124
79133
79136
79140
79148
79149
79151
79152
79166
79170
79173
79174
79178
79179
79180
79182
79185
79192
79193
79201
79212
79220
79221
79222
79223
79226
79227
79229
79230
79232
79237
79241
79242
79243
79247
79249
79255
79256
79258
79260
79263
79265
79266
79267
79268
79272
79275
79277
79278
79285
79286
79288
79289
79291
79293
79296
79298
79299
79300
79304
79306
79307
79309
79310
79311
79312
79313
79314
79315
79317
79324
79325
79331
79338
79341
79342
79344
79345
79346
79348
79350
79351
79364
79369
79370
79372
79382
79383
79384
79386
79388
79396
79401
79408
79409
79410
79411
79418
79420
79427
79432
79434
79438
79439
79446
79455
79458
79459
79460
79462
79466
79469
79471
79474
79475
79476
79477
79478
79480
79482
79484
79485
79486
79492
79496
79497
79498
79500
79501
79508
79513
79518
79521
79533
79538
79543
79552
79556
79557
79562
79566
79568
79569
79570
79573
79575
79577
79578
79583
79584
79588
79593
79596
79601
79604
79606
79612
79616
79619
79622
79625
79626
79627
79631
79636
79639
79640
79652
79654
79655
79657
79659
79661
79663
79665
79667
79669
79676
79678
79680
79684
79686
79690
79691
79693
79699
79700
79704
79706
79709
79710
79712
79716
79717
79720
79721
79722
79724
79726
79733
79736
79739
79744
79745
79750
79751
79752
79756
79762
79764
79772
79773
79777
79778
79784
79785
79790
79797
79798
79799
79801
79803
79806
79807
79809
79812
79814
79822
79823
79827
79837
79844
79848
79852
79854
79865
79868
79880
79881
79882
79885
79887
79888
79894
79896
79897
79900
79902
79904
79905
79911
79914
79915
79918
79920
79922
79925
79931
79933
79941
79946
79949
79951
79952
79953
79956
79962
79972
79977
79979
79987
79988
79991
79993
79996
79997
79998
80005
80010
80012
80015
80017
80018
80019
80022
80024
80025
80037
80050
80052
80054
80056
80058
80060
80062
80065
80069
80070
80072
80075
80083
80085
80086
80087
80088
80097
80099
80107
80109
80112
80114
80117
80118
80122
80124
80126
80129
80134
80141
80142
80158
80159
80162
80164
80167
80175
80183
80192
80193
80194
80198
80201
80203
80207
80208
80224
80231
80233
80234
80239
80241
80248
80249
80250
80251
80253
80254
80256
80258
80259
80260
80274
80284
80285
80291
80295
80296
80300
80302
80305
80306
80307
80312
80313
80314
80316
80321
80322
80325
80326
80329
80331
80337
80338
80340
80341
80345
80347
80348
80365
80367
80375
80385
80388
80391
80401
80403
80406
80413
80415
80421
80425
80426
80427
80430
80431
80436
80439
80444
80450
80452
80455
80456
80466
80468
80470
80471
80473
80475
80483
80485
80490
80492
80494
80498
80506
80507
80508
80516
80518
80519
80523
80524
80527
80534
80542
80547
80548
80550
80553
80555
80557
80558
80559
80560
80566
80568
80571
80573
80579
80586
80592
80598
80602
80611
80615
80622
80625
80628
80630
80634
80640
80641
80647
80649
80660
80663
80667
80670
80672
80675
80681
80685
80691
80692
80695
80697
80699
80706
80714
80721
80725
80732
80734
80736
80754
80758
80762
80765
80772
80773
80774
80785
80786
80791
80792
80798
80809
80815
80817
80819
80822
80823
80827
80828
80831
80838
80842
80847
80849
80851
80853
80860
80861
80863
80870
80872
80874
80875
80877
80878
80885
80893
80898
80899
80900
80901
80903
80904
80912
80913
80916
80922
80939
80943
80945
80946
80960
80962
80969
80971
80973
80979
80986
80992
80993
80996
81002
81004
81006
81009
81020
81021
81023
81027
81033
81034
81038
81041
81042
81047
81049
81050
81053
81054
81055
81059
81062
81064
81065
81066
81081
81083
81084
81085
81088
81094
81099
81100
81111
81116
81117
81120
81122
81123
81127
81129
81130
81132
81133
81152
81153
81155
81158
81160
81162
81163
81168
81170
81172
81179
81186
81188
81189
81192
81193
81196
81204
81206
81207
81211
81213
81219
81223
81227
81231
81232
81234
81244
81246
81250
81252
81253
81259
81260
81267
81268
81269
81270
81271
81274
81279
81280
81284
81286
81287
81288
81293
81295
81297
81299
81301
81305
81309
81310
81314
81326
81330
81332
81333
81344
81345
81347
81349
81350
81354
81355
81356
81359
81367
81368
81369
81374
81377
81379
81391
81393
81394
81396
81400
81407
81410
81411
81414
81416
81420
81421
81428
81430
81434
81438
81440
81444
81446
81448
81450
81461
81465
81472
81474
81475
81480
81481
81485
81486
81487
81491
81502
81506
81509
81519
81520
81521
81530
81532
81535
81537
81549
81550
81555
81559
81561
81572
81578
81579
81582
81583
81584
81585
81590
81591
81592
81597
81604
81605
81611
81612
81615
81619
81621
81637
81640
81645
81651
81653
81654
81655
81657
81659
81664
81665
81672
81673
81676
81680
81682
81684
81699
81712
81715
81717
81725
81726
81728
81735
81739
81743
81747
81748
81751
81752
81753
81756
81761
81765
81771
81779
81783
81787
81789
81790
81809
81815
81830
81836
81837
81838
81844
81846
81850
81855
81859
81868
81873
81875
81880
81890
81897
81898
81899
81904
81905
81906
81917
81918
81923
81925
81930
81932
81937
81949
81955
81980
81981
81984
81987
81988
81991
81997
81998
82000
82004
82006
82010
82013
82024
82033
82035
82036
82037
82040
82042
82045
82046
82049
82051
82056
82062
82064
82067
82072
82073
82083
82092
82094
82095
82097
82105
82107
82115
82117
82126
82127
82131
82132
82134
82137
82139
82145
82147
82148
82150
82151
82160
82161
82168
82180
82183
82184
82187
82190
82191
82193
82198
82201
82204
82207
82210
82212
82222
82224
82228
82232
82234
82236
82240
82244
82248
82251
82255
82258
82261
82262
82264
82266
82267
82277
82279
82287
82290
82295
82297
82298
82302
82305
82316
82317
82319
82322
82323
82324
82326
82334
82339
82344
82351
82353
82359
82360
82374
82377
82381
82384
82391
82395
82397
82399
82400
82402
82412
82413
82414
82422
82426
82428
82431
82434
82435
82443
82445
82446
82449
82454
82455
82461
82464
82469
82473
82474
82478
82479
82481
82485
82488
82494
82501
82503
82508
82510
82512
82513
82515
82516
82517
82519
82526
82529
82533
82543
82546
82549
82551
82552
82554
82555
82564
82568
82578
82582
82583
82584
82587
82588
82589
82591
82596
82597
82602
82609
82613
82620
82621
82622
82627
82628
82629
82630
82634
82637
82642
82643
82644
82648
82651
82659
82666
82668
82670
82674
82675
82680
82682
82684
82685
82687
82693
82697
82698
82704
82705
82708
82711
82713
82717
82718
82721
82723
82732
82734
82744
82745
82750
82751
82755
82756
82760
82764
82768
82769
82771
82776
82785
82788
82792
82799
82805
82808
82813
82817
82819
82827
82829
82830
82833
82838
82848
82850
82851
82857
82860
82865
82866
82868
82869
82874
82881
82883
82884
82885
82889
82898
82899
82908
82910
82913
82921
82923
82926
82927
82932
82937
82938
82939
82944
82945
82948
82949
82952
82954
82961
82968
82974
82976
82977
82978
82980
82983
82987
82988
82989
82990
82995
82999
83000
83008
83014
83015
83020
83021
83024
83034
83035
83039
83045
83048
83052
83056
83057
83064
83066
83067
83069
83075
83076
83079
83080
83082
83086
83090
83093
83097
83098
83099
83107
83108
83109
83113
83115
83117
83123
83125
83130
83141
83144
83145
83146
83148
83150
83153
83157
83167
83170
83177
83185
83193
83195
83196
83201
83202
83207
83208
83209
83210
83212
83214
83218
83222
83223
83226
83233
83234
83238
83240
83241
83247
83260
83262
83264
83266
83267
83269
83270
83271
83273
83275
83276
83285
83286
83291
83292
83295
83303
83306
83321
83327
83334
83336
83338
83339
83342
83343
83345
83351
83355
83357
83358
83360
83362
83364
83366
83372
83374
83380
83385
83389
83393
83399
83404
83422
83424
83426
83427
83429
83432
83434
83436
83437
83441
83445
83446
83449
83451
83454
83456
83457
83459
83464
83469
83474
83479
83485
83495
83497
83501
83505
83506
83509
83511
83513
83514
83515
83518
83519
83524
83534
83536
83541
83545
83548
83551
83553
83559
83561
83562
83565
83569
83575
83580
83585
83588
83592
83597
83599
83601
83611
83617
83621
83626
83628
83629
83637
83641
83642
83643
83646
83648
83651
83657
83662
83665
83674
83678
83686
83687
83696
83698
83702
83707
83708
83711
83713
83714
83721
83722
83727
83729
83731
83739
83743
83744
83745
83747
83749
83750
83752
83755
83758
83761
83769
83772
83780
83782
83788
83789
83806
83808
83812
83817
83820
83822
83823
83825
83827
83828
83831
83837
83839
83841
83842
83846
83849
83853
83854
83855
83858
83859
83868
83869
83871
83888
83896
83902
83903
83905
83906
83916
83917
83918
83924
83926
83928
83929
83934
83936
83945
83946
83947
83949
83950
83951
83952
83960
83965
83967
83968
83971
83976
83985
83988
83990
83994
83998
83999
84001
84004
84006
84008
84009
84010
84012
84013
84014
84018
84019
84021
84026
84027
84032
84037
84038
84039
84040
84041
84043
84048
84049
84050
84063
84064
84066
84067
84069
84071
84072
84073
84076
84078
84091
84092
84100
84103
84106
84112
84113
84118
84124
84128
84129
84130
84134
84138
84145
84156
84157
84160
84163
84168
84174
84175
84181
84184
84186
84187
84189
84199
84200
84201
84203
84206
84209
84212
84215
84221
84228
84233
84234
84235
84239
84243
84244
84246
84247
84254
84255
84259
84260
84271
84274
84277
84278
84280
84282
84287
84288
84292
84293
84294
84297
84300
84302
84309
84311
84312
84313
84316
84322
84323
84325
84326
84333
84335
84336
84338
84350
84351
84353
84354
84355
84356
84358
84362
84365
84369
84376
84378
84381
84384
84390
84391
84392
84404
84408
84409
84414
84419
84426
84429
84431
84432
84433
84438
84439
84441
84442
84446
84458
84459
84466
84477
84481
84486
84487
84488
84489
84492
84494
84497
84502
84504
84507
84511
84522
84524
84529
84532
84533
84534
84537
84545
84546
84548
84549
84550
84552
84563
84567
84570
84573
84576
84577
84583
84584
84586
84591
84593
84598
84603
84604
84609
84611
84612
84617
84618
84619
84620
84625
84629
84634
84635
84637
84638
84642
84645
84647
84648
84650
84655
84659
84661
84664
84667
84668
84670
84673
84674
84675
84676
84677
84679
84681
84682
84685
84688
84691
84699
84700
84701
84702
84705
84707
84713
84722
84724
84726
84728
84734
84735
84736
84740
84744
84745
84746
84747
84749
84750
84751
84755
84761
84762
84766
84769
84770
84781
84792
84793
84796
84801
84804
84805
84810
84811
84813
84814
84817
84823
84825
84828
84836
84853
84859
84862
84864
84871
84875
84879
84887
84890
84891
84893
84898
84901
84903
84905
84906
84907
84909
84916
84934
84936
84939
84943
84954
84966
84969
84971
84973
84974
84976
84979
84983
84984
84988
84991
84993
84995
85000
85008
85010
85013
85016
85017
85023
85025
85027
85039
85047
85070
85072
85080
85090
85091
85092
85094
85099
85103
85110
85113
85117
85123
85129
85136
85142
85144
85146
85148
85151
85160
85163
85174
85175
85176
85181
85182
85186
85201
85203
85205
85214
85216
85217
85220
85222
85225
85227
85236
85238
85241
85249
85251
85252
85253
85255
85260
85264
85265
85266
85267
85273
85275
85276
85279
85283
85284
85308
85310
85311
85313
85314
85326
85340
85342
85346
85347
85349
85354
85357
85364
85365
85369
85370
85374
85378
85379
85382
85383
85384
85390
85399
85401
85403
85408
85410
85413
85414
85429
85439
85443
85444
85449
85456
85459
85467
85473
85478
85481
85482
85489
85491
85497
85503
85504
85515
85517
85526
85527
85535
85538
85540
85541
85545
85550
85557
85558
85559
85562
85565
85567
85570
85573
85575
85576
85579
85587
85588
85595
85596
85603
85606
85615
85617
85620
85621
85623
85625
85631
85632
85635
85639
85641
85642
85644
85646
85650
85658
85659
85662
85663
85665
85676
85677
85679
85681
85688
85690
85692
85699
85704
85705
85707
85708
85715
85718
85719
85721
85723
85728
85729
85730
85735
85742
85743
85749
85751
85759
85763
85774
85776
85777
85779
85781
85782
85784
85787
85791
85792
85796
85798
85802
85804
85806
85808
85826
85827
85833
85841
85864
85866
85867
85868
85869
85870
85877
85880
85884
85885
85894
85898
85901
85902
85905
85923
85926
85927
85928
85929
85943
85945
85946
85949
85959
85963
85970
85973
85977
85978
85985
85986
85988
85992
85993
85994
85996
86004
86014
86015
86017
86018
86020
86029
86034
86035
86037
86045
86046
86047
86049
86052
86055
86058
86060
86063
86064
86065
86067
86070
86072
86084
86090
86094
86097
86102
86117
86121
86122
86125
86131
86132
86133
86134
86138
86144
86149
86153
86156
86157
86159
86160
86166
86171
86173
86174
86177
86190
86191
86193
86196
86198
86203
86204
86210
86223
86224
86227
86231
86234
86235
86236
86239
86243
86245
86254
86266
86267
86272
86274
86275
86279
86287
86292
86294
86295
86301
86306
86307
86315
86316
86319
86320
86325
86327
86330
86335
86338
86353
86354
86359
86361
86366
86368
86369
86371
86372
86377
86379
86380
86381
86385
86388
86396
86399
86403
86405
86406
86409
86410
86412
86417
86418
86422
86423
86425
86463
86469
86471
86479
86482
86483
86489
86491
86492
86498
86499
86507
86511
86514
86518
86520
86521
86522
86524
86528
86534
86539
86546
86549
86551
86560
86561
86572
86578
86581
86586
86587
86589
86590
86591
86598
86602
86605
86613
86616
86618
86619
86623
86624
86626
86628
86630
86638
86644
86646
86647
86652
86657
86668
86672
86676
86679
86692
86695
86700
86704
86708
86711
86712
86715
86717
86718
86721
86722
86725
86726
86730
86732
86734
86735
86738
86743
86748
86760
86762
86763
86767
86771
86773
86778
86782
86786
86788
86791
86792
86793
86794
86810
86813
86824
86829
86833
86838
86839
86840
86844
86849
86851
86853
86855
86863
86873
86875
86878
86879
86880
86884
86891
86893
86903
86904
86907
86908
86914
86918
86922
86924
86925
86931
86932
86937
86938
86951
86954
86957
86958
86961
86965
86967
86973
86977
86981
86985
86997
87006
87009
87012
87023
87029
87030
87032
87033
87036
87045
87051
87052
87054
87055
87057
87060
87063
87064
87070
87073
87080
87086
87095
87096
87097
87098
87101
87110
87112
87114
87115
87117
87118
87119
87128
87129
87135
87137
87138
87145
87149
87150
87156
87157
87158
87160
87161
87162
87170
87172
87173
87178
87183
87194
87195
87206
87208
87229
87235
87241
87246
87247
87250
87254
87255
87262
87275
87280
87285
87286
87303
87304
87310
87312
87313
87314
87316
87317
87321
87323
87324
87325
87330
87338
87340
87341
87342
87347
87354
87360
87363
87368
87369
87373
87374
87376
87378
87384
87395
87398
87400
87401
87413
87416
87418
87420
87423
87426
87444
87451
87453
87456
87457
87459
87464
87467
87470
87474
87476
87478
87484
87489
87496
87500
87502
87512
87516
87520
87522
87527
87529
87531
87539
87541
87543
87547
87551
87553
87554
87555
87557
87560
87562
87565
87567
87572
87576
87579
87593
87600
87603
87606
87608
87609
87616
87618
87620
87622
87626
87629
87634
87637
87643
87651
87655
87667
87668
87672
87681
87682
87685
87686
87687
87694
87699
87701
87709
87716
87720
87727
87738
87740
87743
87749
87759
87760
87769
87772
87773
87775
87783
87793
87796
87805
87809
87810
87819
87823
87824
87828
87831
87833
87834
87840
87842
87843
87847
87852
87853
87862
87867
87869
87870
87871
87882
87887
87890
87910
87917
87920
87927
87930
87939
87943
87960
87979
87980
87984
87987
87992
87994
88004
88010
88018
88027
88028
88034
88047
88050
88055
88059
88064
88066
88070
88072
88084
88086
88090
88094
88098
88099
88100
88105
88114
88117
88126
88128
88129
88130
88137
88140
88141
88144
88146
88153
88154
88156
88161
88166
88176
88182
88183
88188
88193
88194
88196
88198
88200
88205
88211
88215
88216
88217
88222
88223
88226
88234
88239
88244
88251
88252
88255
88259
88262
88273
88274
88281
88285
88290
88292
88295
88296
88297
88300
88301
88302
88308
88315
88333
88335
88341
88344
88347
88351
88356
88362
88367
88371
88373
88376
88377
88379
88380
88385
88387
88388
88390
88392
88396
88408
88410
88417
88423
88425
88427
88429
88438
88439
88447
88449
88450
88452
88453
88454
88456
88461
88463
88468
88469
88473
88476
88478
88483
88485
88486
88491
88493
88495
88497
88500
88519
88523
88526
88533
88540
88546
88554
88555
88556
88558
88559
88566
88567
88569
88573
88575
88577
88585
88587
88592
88600
88603
88604
88609
88610
88611
88617
88620
88624
88625
88633
88634
88637
88639
88641
88648
88650
88651
88654
88655
88656
88665
88668
88675
88679
88680
88681
88700
88716
88717
88731
88732
88742
88743
88749
88753
88754
88757
88759
88764
88768
88770
88771
88776
88780
88784
88785
88789
88794
88801
88802
88803
88814
88816
88818
88821
88822
88823
88827
88830
88839
88845
88848
88854
88858
88862
88864
88868
88870
88872
88876
88877
88879
88885
88888
88892
88894
88895
88903
88907
88913
88917
88919
88923
88934
88936
88943
88944
88946
88956
88963
88966
88967
88970
88972
88977
88983
88986
88989
89002
89006
89007
89008
89009
89018
89020
89036
89037
89043
89044
89054
89058
89067
89072
89077
89082
89085
89086
89092
89101
89105
89109
89110
89111
89112
89115
89117
89119
89120
89124
89127
89134
89137
89143
89147
89151
89155
89158
89160
89161
89176
89179
89181
89183
89187
89192
89204
89211
89220
89222
89227
89230
89236
89237
89240
89242
89245
89248
89250
89254
89258
89265
89269
89275
89279
89284
89291
89295
89299
89301
89303
89305
89311
89314
89317
89320
89329
89338
89342
89343
89345
89348
89349
89363
89369
89370
89375
89388
89389
89392
89404
89409
89413
89432
89434
89437
89441
89445
89450
89454
89455
89456
89465
89467
89468
89480
89485
89489
89494
89500
89508
89517
89518
89532
89538
89542
89543
89545
89546
89550
89561
89562
89575
89577
89579
89586
89587
89595
89596
89616
89617
89618
89621
89622
89632
89639
89642
89644
89650
89655
89660
89667
89668
89676
89683
89684
89687
89689
89690
89691
89692
89698
89699
89702
89705
89706
89708
89711
89712
89714
89725
89728
89730
89731
89737
89743
89752
89754
89755
89759
89763
89766
89776
89782
89786
89788
89793
89795
89798
89799
89810
89814
89817
89818
89822
89829
89831
89832
89833
89835
89838
89842
89848
89850
89851
89853
89861
89862
89863
89871
89874
89879
89886
89887
89892
89894
89895
89901
89903
89911
89923
89931
89932
89934
89944
89958
89964
89976
89984
89993
89996
90000
90002
90004
90005
90007
90008
90010
90012
90015
90017
90020
90026
90027
90028
90048
90053
90056
90060
90062
90069
90072
90079
90086
90089
90100
90101
90118
90119
90129
90136
90140
90150
90151
90152
90156
90162
90164
90174
90178
90180
90181
90183
90185
90188
90190
90197
90198
90199
90203
90211
90214
90218
90222
90225
90226
90227
90236
90241
90242
90246
90248
90251
90252
90255
90258
90274
90277
90282
90287
90288
90290
90293
90294
90300
90305
90309
90311
90315
90320
90327
90332
90342
90345
90350
90354
90359
90371
90372
90377
90382
90383
90385
90392
90395
90403
90406
90407
90409
90416
90430
90434
90439
90448
90454
90456
90461
90468
90478
90479
90482
90484
90493
90495
90499
90501
90509
90513
90515
90521
90522
90533
90534
90535
90536
90540
90545
90549
90560
90563
90572
90574
90580
90581
90582
90586
90600
90602
90603
90609
90616
90626
90629
90631
90636
90639
90642
90643
90651
90654
90655
90656
90657
90660
90664
90670
90679
90683
90687
90689
90694
90699
90700
90701
90702
90707
90710
90712
90716
90717
90718
90719
90722
90727
90729
90734
90736
90737
90743
90750
90751
90752
90758
90759
90763
90767
90774
90777
90782
90784
90785
90787
90788
90796
90809
90810
90811
90813
90814
90821
90824
90837
90844
90846
90875
90876
90879
90886
90900
90904
90907
90912
90917
90922
90933
90934
90938
90940
90942
90946
90950
90953
90955
90959
90967
90971
90980
90997
91006
91007
91008
91028
91036
91037
91044
91046
91048
91056
91057
91064
91068
91071
91077
91084
91089
91092
91094
91096
91097
91100
91101
91103
91108
91112
91121
91130
91132
91140
91143
91144
91145
91152
91158
91163
91169
91170
91174
91175
91179
91184
91187
91188
91197
91198
91200
91203
91212
91223
91226
91229
91233
91247
91250
91251
91253
91259
91271
91275
91276
91277
91278
91279
91284
91289
91291
91294
91298
91303
91307
91310
91311
91314
91316
91319
91324
91326
91332
91335
91341
91342
91345
91346
91349
91355
91359
91366
91369
91373
91377
91380
91389
91399
91400
91409
91410
91414
91420
91424
91427
91428
91430
91434
91436
91437
91438
91439
91443
91449
91452
91457
91459
91463
91466
91469
91479
91480
91491
91492
91493
91496
91497
91500
91502
91503
91508
91512
91514
91515
91517
91525
91526
91531
91535
91536
91539
91541
91546
91554
91555
91557
91561
91565
91566
91569
91574
91575
91580
91585
91589
91595
91597
91605
91609
91611
91613
91614
91623
91633
91635
91640
91647
91648
91651
91657
91660
91676
91679
91689
91691
91694
91696
91698
91703
91706
91710
91711
91720
91728
91729
91730
91738
91748
91750
91753
91765
91770
91772
91775
91788
91795
91796
91797
91805
91808
91811
91825
91834
91838
91839
91841
91843
91847
91848
91849
91850
91852
91855
91863
91864
91867
91868
91871
91887
91893
91894
91896
91904
91905
91907
91908
91910
91917
91919
91921
91935
91937
91944
91945
91947
91951
91952
91954
91956
91967
91974
91976
91982
91983
91986
91988
91991
91993
92003
92004
92010
92015
92016
92019
92025
92027
92031
92033
92035
92041
92042
92043
92044
92045
92049
92054
92056
92059
92069
92071
92079
92084
92085
92089
92094
92102
92103
92108
92111
92120
92125
92128
92130
92131
92132
92133
92135
92137
92148
92151
92154
92161
92163
92164
92169
92172
92180
92184
92188
92194
92195
92203
92204
92213
92217
92218
92222
92226
92230
92234
92237
92244
92245
92253
92254
92256
92258
92260
92261
92266
92268
92274
92278
92279
92285
92288
92290
92292
92299
92305
92311
92313
92320
92322
92323
92325
92328
92332
92337
92345
92349
92355
92361
92362
92366
92371
92386
92390
92391
92395
92396
92399
92400
92403
92412
92413
92416
92421
92423
92429
92431
92435
92436
92440
92441
92442
92445
92446
92447
92456
92459
92465
92466
92467
92468
92473
92475
92478
92480
92481
92482
92493
92500
92502
92506
92509
92517
92524
92525
92527
92535
92536
92541
92545
92549
92550
92552
92554
92564
92576
92578
92583
92584
92598
92603
92607
92613
92620
92625
92626
92627
92630
92631
92632
92636
92641
92649
92650
92654
92663
92664
92669
92676
92679
92685
92690
92692
92695
92699
92711
92712
92713
92734
92736
92737
92739
92740
92741
92743
92747
92748
92758
92768
92772
92773
92781
92795
92798
92799
92802
92808
92813
92814
92824
92829
92832
92843
92844
92845
92852
92853
92854
92855
92861
92868
92869
92872
92883
92886
92899
92905
92906
92913
92916
92918
92923
92926
92927
92931
92935
92937
92943
92947
92953
92954
92955
92960
92962
92967
92970
92974
92977
92981
92986
92987
92993
92994
93008
93013
93021
93022
93023
93030
93034
93040
93044
93048
93050
93051
93053
93055
93069
93080
93088
93093
93102
93106
93107
93114
93116
93118
93121
93122
93128
93131
93132
93133
93137
93141
93142
93144
93145
93146
93148
93149
93150
93154
93159
93167
93169
93171
93172
93173
93174
93177
93178
93182
93183
93186
93188
93194
93209
93219
93220
93222
93223
93227
93228
93244
93252
93253
93258
93261
93268
93275
93287
93289
93290
93293
93295
93299
93300
93324
93332
93335
93338
93342
93360
93363
93383
93393
93399
93422
93424
93428
93430
93432
93434
93435
93436
93440
93445
93447
93448
93451
93462
93465
93467
93478
93484
93485
93488
93493
93503
93509
93511
93513
93519
93526
93529
93531
93532
93534
93536
93541
93542
93544
93559
93565
93569
93570
93571
93574
93587
93588
93590
93591
93604
93606
93613
93615
93616
93618
93619
93627
93630
93631
93635
93637
93639
93642
93643
93655
93660
93664
93669
93678
93679
93680
93687
93696
93697
93698
93704
93711
93720
93727
93729
93732
93735
93741
93744
93752
93757
93764
93767
93771
93775
93788
93803
93805
93806
93807
93827
93829
93833
93835
93843
93844
93845
93848
93853
93855
93856
93859
93865
93868
93870
93873
93874
93886
93887
93890
93896
93911
93926
93929
93933
93948
93960
93962
93964
93968
93982
93987
94002
94016
94018
94019
94020
94025
94027
94029
94033
94037
94044
94045
94046
94047
94057
94060
94062
94063
94071
94072
94075
94082
94084
94090
94092
94094
94102
94111
94123
94125
94129
94138
94145
94157
94160
94162
94164
94170
94171
94172
94174
94175
94178
94179
94190
94193
94213
94214
94231
94234
94238
94242
94246
94247
94257
94258
94261
94270
94276
94279
94291
94295
94306
94307
94315
94320
94323
94327
94337
94338
94354
94358
94361
94362
94363
94365
94370
94371
94372
94376
94381
94384
94394
94396
94397
94401
94403
94408
94409
94410
94414
94415
94416
94418
94423
94428
94441
94443
94444
94450
94453
94454
94456
94466
94476
94480
94492
94504
94519
94528
94533
94535
94549
94553
94555
94561
94564
94565
94567
94570
94571
94580
94582
94586
94589
94612
94613
94614
94617
94623
94627
94638
94639
94641
94644
94647
94650
94654
94664
94667
94677
94682
94684
94690
94691
94692
94693
94704
94710
94715
94718
94723
94726
94735
94737
94750
94751
94766
94770
94773
94774
94780
94783
94791
94805
94807
94809
94815
94818
94827
94828
94834
94836
94853
94854
94858
94862
94869
94872
94873
94877
94880
94894
94895
94898
94902
94904
94905
94907
94912
94916
94926
94928
94932
94934
94935
94937
94944
94946
94955
94962
94964
94965
94968
94969
94971
94972
94975
94988
94990
94992
94997
95006
95015
95017
95021
95027
95029
95041
95042
95045
95049
95064
95069
95072
95083
95086
95088
95089
95091
95094
95097
95102
95115
95116
95117
95124
95125
95127
95133
95135
95146
95151
95152
95161
95166
95171
95180
95182
95183
95191
95195
95200
95203
95206
95208
95210
95217
95220
95226
95227
95233
95240
95247
95249
95252
95254
95262
95263
95270
95272
95275
95277
95293
95295
95297
95318
95322
95324
95328
95329
95334
95349
95350
95352
95359
95360
95366
95370
95371
95373
95374
95376
95385
95392
95393
95395
95397
95401
95410
95417
95424
95429
95430
95442
95449
95451
95461
95464
95466
95493
95502
95508
95510
95516
95517
95530
95535
95536
95538
95539
95540
95547
95549
95555
95557
95558
95559
95565
95566
95572
95576
95579
95582
95588
95603
95610
95611
95613
95615
95620
95621
95638
95640
95641
95645
95648
95649
95656
95662
95665
95667
95671
95676
95677
95679
95681
95683
95685
95686
95694
95698
95704
95707
95711
95716
95718
95720
95779
95789
95846
95872
95874
95896
95926
95944
95966
95971
96007
96009
96067
96071
96117
96183
96292
96384
96390
96405
96416
96498
96838
96865
96921
97054
97055
97060
97524
97882
98375
98738
99771
101139
101164
105854
107697
111669
148412
148498
148519
148791
148883
148940
148982
149049
149185
149254
149335
149439
149675
149712
149877
150216
150220
150264
150350
150869
150922
150988
151600
151829
151903
151921
152141
152257
152299
152318
152460
152755
152811
152826
152900
152942
153376
153403
153495
153521
153887
153950
154228
154516
154572
154667
154675
154866
154874
155199
155377
155588
155954
155972
155999
156086
156095
156096
156254
156333
156532
156716
156829
157047
157057
157115
157152
157201
157365
157405
157478
157744
157931
157972
157997
158034
158275
158809
158819
158880
159001
159029
159034
159050
159097
159471
159553
159582
159698
159856
159909
159927
159931
160014
160205
160227
160474
160597
160608
160686
160719
160740
160797
160836
160857
161076
161153
161200
161213
161253
161304
161340
161672
161687
161705
161737
161746
161758
161774
161847
161910
161931
161934
161974
162016
162136
162148
162163
162183
162217
162248
162482
162581
162641
162735
162754
162762
162780
162808
162855
162856
162908
162987
162993
163282
163317
163325
163368
163421
163448
163803
163861
163864
163935
164010
164014
164022
164165
164293
164295
164369
164465
164553
164711
164738
164891
165078
165298
165499
165500
165547
165644
165691
165735
166152
166305
166351
166354
166454
166621
166666
166762
166945
167020
167115
167116
167294
167319
167352
167381
167395
167412
167425
167684
167782
167967
167968
168001
168024
168130
168144
168266
168300
168466
168518
168552
169053
169078
169286
169489
169615
169622
169882
170074
170103
170127
170162
170247
170248
170330
170375
170437
170458
170465
170646
170653
170728
170834
170859
170890
171100
171171
171237
171253
171270
171329
171381
171386
171446
171454
171544
171579
171588
171613
171728
171837
171893
171908
171968
172023
172064
172118
172178
172185
172219
172388
172503
172554
172646
172706
172708
172767
172800
172830
172988
173068
173124
173191
173196
173279
173386
173392
173448
173574
173656
173681
173706
173985
174018
174050
174100
174177
174338
174347
174365
174426
174442
174471
174554
174648
174695
174862
174938
175032
175085
175152
175206
175435
175671
175749
175762
175834
175858
175862
175941
176010
176013
176120
176206
176339
176585
176586
176892
177026
177156
177241
177289
177355
177376
177407
177437
177460
177478
177628
177724
177884
177955
178013
178121
178189
178256
178393
178442
178463
178504
178590
178709
178814
178816
178838
178954
178959
179126
179314
179403
179418
179470
179508
179556
179587
179743
179776
179779
179842
179871
179896
179999
180035
180225
180473
180476
180481
180522
180547
180548
180560
180664
180700
180784
180857
181110
181111
181112
181245
181352
181368
181404
181410
181444
181452
181474
181546
181583
181609
181682
181751
181872
182029
182131
182141
182181
182228
182248
182262
182264
182287
182301
182323
182424
182501
182563
182612
182616
182779
182848
182923
183094
183163
183197
183231
183346
183363
183397
183485
183580
183585
183724
183941
184140
184196
184203
184245
184254
184274
184284
184317
184431
184536
184595
184621
184645
184676
184744
184849
184854
184883
185023
185090
185117
185168
185194
185301
185357
185362
185364
185440
185451
185541
185589
185680
185757
185836
185936
185953
186032
186038
186095
186121
186162
186167
186301
186314
186352
186423
186427
186642
186662
186696
186762
186831
186964
186988
187060
187090
187093
187099
187163
187171
187183
187310
187350
187375
187423
187569
187616
187637
187652
187690
187746
187860
187923
188020
188144
188237
188256
188335
188362
188391
188444
188471
188498
188539
188586
188822
188928
188941
189034
189047
189114
189403
189439
189451
189529
189551
189552
189565
189643
189804
189908
190183
190397
190441
190451
190683
190731
190899
190994
191011
191047
191145
191162
191229
191233
191259
191281
191355
191518
191584
191615
191624
191663
191693
192129
192328
192398
192433
192493
192560
192638
192709
192959
192963
193100
193123
193148
193197
193269
193335
193454
193511
193591
193699
193798
193814
193879
193940
194120
194290
194320
194356
194434
194437
194449
194512
194618
194679
194817
194821
194827
194864
194907
194911
194956
194958
194984
195057
195080
195176
195177
195290
195327
195397
195508
195564
195613
195628
195774
195847
195870
195885
195918
195921
195936
195978
196005
196233
196639
196669
196745
196812
196864
196940
197019
197062
197069
197245
197271
197289
197390
197410
197536
197683
197792
197819
197935
198075
198120
198127
198280
198294
198296
198380
198421
198437
198525
198565
198611
198612
198691
198698
198742
198798
198883
199072
199119
199209
199304
199342
199387
199404
199538
199545
199564
199572
199639
199671
199714
199724
199807
199888
199943
200025
200205
200337
200545
200558
200696
200702
200733
200894
200904
200911
200932
200985
201128
201179
201293
201294
201343
201368
201475
201503
201540
201663
201736
201811
201837
202004
202117
202187
202242
202344
202357
202368
202378
202405
202429
202514
202537
202847
203065
203072
203099
203127
203204
203311
203408
203481
203506
203568
203748
203778
203810
203849
203872
203956
203972
204023
204042
204084
204245
204330
204417
204498
204522
204543
204668
204701
204781
204804
204910
205057
205118
205129
205154
205166
205172
205228
205243
205338
205384
205394
205428
205453
205788
205822
205838
205846
205890
205969
206096
206103
206104
206203
206347
206364
206385
206449
206525
206615
206625
206714
206718
206750
206780
206813
206851
206939
207180
207269
207270
207299
207433
207447
207461
207515
207565
207622
207675
207775
207784
207815
207829
207853
207860
207862
207892
207940
207988
207997
208089
208142
208159
208268
208288
208395
208472
208489
208665
208739
208826
208861
208890
208912
208974
208975
209010
209017
209062
209366
209480
209754
209813
209834
209935
209940
209963
209985
210058
210083
210140
210172
210339
210373
210529
210554
210623
210670
210673
210719
210722
210724
210734
210905
211117
211334
211461
211503
211627
211635
211666
211680
211866
211961
212066
212169
212217
212221
212243
212306
212393
212414
212440
212636
212691
212846
212862
212866
212879
213056
213145
213261
213346
213499
213640
213672
213695
213810
213889
213903
213931
213937
214010
214019
214080
214103
214142
214162
214192
214222
214303
214324
214531
214557
214605
214715
214719
214744
214818
215020
215159
215233
215326
215329
215361
215383
215386
215413
215435
215642
215682
215949
215976
216007
216102
216136
216184
216211
216213
216277
216292
216314
216315
216320
216350
216374
216504
216642
216754
216780
216781
216841
216896
216946
216990
217158
217169
217185
217252
217367
217402
217415
217449
217452
217453
217457
217514
217525
217640
217669
217741
217764
217775
217875
217915
217918
218010
218021
218048
218052
218093
218119
218167
218210
218229
218784
218800
218854
218894
218940
218952
219001
219229
219345
219606
219612
219621
219805
219808
220311
220348
220469
220492
220497
220500
220554
220597
220637
220677
220725
220838
220850
220939
221010
221013
221083
221273
221308
221369
221411
221504
221598
221653
221758
221760
221798
221949
222034
222048
222091
222108
222220
222234
222252
222254
222302
222436
222636
222641
222701
222716
222761
222839
222865
222868
222973
223006
223043
223087
223089
223090
223263
223302
223303
223443
223573
223616
223672
223693
223731
224005
224006
224008
224028
224291
224452
224470
224535
224603
224604
224611
224612
224667
224726
224800
224851
224888
225035
225237
225322
225487
225600
225732
225762
225802
225813
225823
225848
225882
225943
225948
226038
226098
226215
226230
226369
226394
226658
226699
226706
226760
226817
226922
226997
227074
227156
227220
227276
227333
227342
227363
227444
227475
227518
227524
227609
227613
227628
227635
227680
227797
227798
227953
228011
228051
228271
228332
228350
228393
228473
228474
228520
228594
228625
228820
228824
228897
228899
228946
229021
229116
229145
229225
229248
229337
229346
229436
229528
229570
229577
229615
229617
229632
229660
229676
229703
229860
229888
229901
229976
230083
230219
230237
230242
230284
230389
230435
230448
230571
230638
230694
230697
230725
230732
230746
230797
230856
230904
230910
231153
231166
231194
231351
231442
231513
231581
231601
231715
231723
231763
231786
231787
231807
231830
231832
231865
231875
231979
232007
232045
232170
232353
232364
232393
232436
232514
232590
232647
232694
232857
232940
232995
232996
233181
233187
233221
233275
233276
233326
233388
233390
233396
233522
233547
233581
233677
233700
233913
233914
233963
234039
234078
234105
234149
234200
234218
234268
234300
234570
234590
234599
235016
235120
235132
235192
235193
235423
235441
235481
235489
235668
235671
235777
235778
235779
235801
235838
235884
235920
235941
236063
236084
236145
236200
236218
236270
236294
236296
236370
236450
236497
236706
236802
236813
236914
236966
236985
237084
237174
237459
237476
237491
237494
237536
237616
237696
237700
237719
237766
237830
238190
238256
238310
238694
238813
238816
238830
238844
238872
238904
238913
238958
238968
238969
238972
239084
239094
239153
239243
239575
239646
239724
239748
239783
239811
239897
240011
240030
240169
240245
240266
240376
240524
240574
240613
240627
240647
240650
240694
240695
240752
240806
240826
240991
241093
241199
241212
241308
241316
241411
241474
241475
241568
241662
241686
241819
241853
241917
241936
242027
242059
242074
242128
242210
242261
242269
242343
242402
242406
242440
242512
242537
242545
242574
242685
242700
242703
242850
242861
242907
243157
243166
243220
243230
243246
243262
243332
243351
243357
243422
243444
243571
243668
243693
243728
243741
243798
243816
243819
243902
243941
244124
244158
244191
244205
244249
244288
244411
244637
244719
244729
244764
244958
244999
245002
245083
245286
245302
245320
245373
245402
245457
245514
245579
245587
245658
245727
245875
246024
246136
246147
246166
246389
246586
246811
247056
247059
248044
248045
248046
248047
248048
248049
248050
248051
248052
248053
248054
248055
248056
248057
248058
248059
248060
248061
248062
248063
248064
248065
248066
248067
248068
248069
248070
248071
248072
248073
248074
248075
248076
